Name,Field1,Field2,Field3,Field4,Field5,Field6
mmu,1084,828,16146,-8,-27,8
mmu,1084,828,16146,-8,-27,8
mmu,1120,882,16174,-7,-27,7
mmu,1066,750,16144,-7,-26,7
mmu,1126,832,16106,-8,-28,8
mmu,1170,808,16146,-7,-28,7
mmu,1058,784,16052,-8,-29,7
mmu,1132,742,16124,-7,-28,7
mmu,1130,814,16214,-7,-26,7
mmu,1092,852,16162,-7,-27,7
mmu,1122,804,16098,-8,-27,7
mmu,1100,812,16110,-8,-27,7
mmu,1122,818,16126,-7,-28,5
mmu,1168,772,16120,-8,-26,7
mmu,1094,820,16084,-6,-27,7
mmu,1160,832,16186,-8,-27,7
mmu,1122,874,16182,-7,-27,7
mmu,1168,866,16116,-8,-28,8
mmu,1088,826,16220,-7,-27,6
mmu,1124,764,16188,-7,-28,7
mmu,1124,842,16098,-7,-27,7
mmu,1086,806,16086,-8,-27,7
mmu,1038,842,16122,-7,-28,7
mmu,1076,806,16148,-9,-27,7
mmu,1060,788,16114,-8,-27,7
mmu,1094,840,16162,-9,-28,7
mmu,1090,814,16186,-8,-27,8
mmu,1148,852,16084,-8,-29,7
mmu,1114,802,16106,-6,-27,7
mmu,1132,796,16192,-7,-29,6
mmu,1098,808,16052,-7,-27,6
mmu,1066,800,16170,-8,-27,7
mmu,1094,796,16148,-8,-27,7
mmu,1088,826,16116,-8,-27,7
mmu,1100,822,16010,-7,-28,6
mmu,1090,782,16172,-8,-27,6
mmu,1092,850,16164,-7,-27,7
mmu,1146,780,16138,-7,-27,6
mmu,1170,886,16124,-7,-28,6
mmu,1102,816,16108,-8,-27,7
mmu,1156,804,16160,-8,-28,7
mmu,1086,802,16178,-8,-28,7
mmu,1080,810,16086,-7,-26,8
mmu,1100,842,16150,-7,-28,7
mmu,1136,816,16152,-7,-28,6
mmu,1112,802,16086,-8,-28,8
mmu,1128,802,16110,-8,-28,7
mmu,1134,788,16164,-6,-28,6
mmu,1100,844,16184,-8,-27,7
mmu,1082,808,16180,-7,-27,7
mmu,1102,870,16170,-8,-27,8
mmu,1094,832,16178,-9,-29,7
mmu,1098,838,16126,-7,-28,6
mmu,1102,790,16062,-7,-28,8
mmu,1148,820,16136,-8,-27,8
mmu,1102,790,16090,-7,-29,7
mmu,1162,828,16076,-8,-28,7
mmu,1134,788,16124,-8,-26,7
mmu,1170,860,16186,-8,-28,7
mmu,1142,816,16092,-8,-27,8
mmu,1136,880,16102,-7,-27,7
mmu,1090,774,16066,-8,-28,7
mmu,1098,834,16082,-7,-28,8
mmu,1108,810,16082,-8,-27,6
mmu,1116,800,16156,-6,-27,6
mmu,1140,772,16068,-7,-29,6
mmu,1040,800,16172,-7,-27,7
mmu,1090,810,16120,-7,-27,7
mmu,1148,864,16088,-7,-27,7
mmu,1172,844,16156,-8,-26,8
mmu,1066,846,16168,-6,-29,7
mmu,1094,822,16076,-6,-28,7
mmu,1152,804,16088,-7,-28,7
mmu,1092,766,16134,-7,-27,7
mmu,1126,808,16162,-7,-27,7
mmu,1102,818,16094,-7,-27,7
mmu,1088,848,15998,-8,-27,7
mmu,1124,868,16112,-7,-28,9
mmu,1092,878,16130,-7,-27,7
mmu,1120,852,16126,-7,-28,7
mmu,1116,778,16164,-8,-27,6
mmu,1122,826,16070,-7,-27,7
mmu,1102,842,16154,-8,-27,7
mmu,1178,888,16174,-8,-27,7
mmu,1150,850,16136,-7,-27,6
mmu,1084,866,16164,-7,-28,7
mmu,1090,852,16232,-8,-27,8
mmu,1106,792,16108,-7,-27,7
mmu,1114,802,16216,-7,-28,6
mmu,1120,866,16118,-7,-28,7
mmu,1090,860,16172,-8,-27,8
mmu,1116,862,16110,-8,-26,6
mmu,1094,870,16192,-9,-27,7
mmu,1152,798,16126,-7,-29,7
mmu,1130,858,16088,-8,-29,7
mmu,1142,782,16108,-9,-27,6
mmu,1082,812,16134,-9,-27,7
mmu,1114,814,16158,-7,-28,7
mmu,1078,840,16106,-6,-28,6
mmu,1112,850,16170,-7,-28,6
mmu,1108,832,16164,-8,-26,7
mmu,1080,832,16144,-7,-27,6
mmu,1018,886,16106,-7,-27,7
mmu,1082,878,16118,-6,-28,6
mmu,1094,768,16034,-8,-26,7
mmu,1008,816,16238,-9,-27,6
mmu,1074,734,16164,-11,-24,7
mmu,1186,848,16246,-4,-31,7
mmu,1060,834,16082,-6,-29,7
mmu,1100,824,16194,-7,-28,7
mmu,1100,802,16132,-9,-27,6
mmu,1100,782,16180,-6,-29,7
mmu,1156,826,16100,-7,-30,6
mmu,1100,792,16064,-7,-25,7
mmu,1110,776,16196,-6,-29,6
mmu,1156,742,16178,-6,-29,7
mmu,1160,830,16036,-8,-27,7
mmu,1050,862,16180,-7,-28,7
mmu,1112,798,16184,-7,-27,7
mmu,1130,830,16202,-8,-28,7
mmu,1192,806,16176,-7,-30,7
mmu,1146,802,16164,-8,-28,7
mmu,1130,818,16086,-9,-28,7
mmu,1066,826,16146,-7,-26,6
mmu,1112,886,16242,-8,-28,7
mmu,1084,804,16178,-7,-28,6
mmu,1100,806,16142,-7,-28,6
mmu,1062,840,16166,-7,-27,7
mmu,1072,806,16100,-7,-27,7
mmu,1166,824,16050,-6,-27,7
mmu,1100,826,16142,-7,-27,7
mmu,1092,846,16072,-5,-27,6
mmu,1104,830,16144,-8,-27,7
mmu,1088,862,16138,-7,-27,7
mmu,1054,840,16194,-7,-26,7
mmu,1128,804,16112,-7,-27,7
mmu,1078,794,16102,-7,-27,6
mmu,1102,802,16072,-7,-27,7
mmu,1110,858,16134,-7,-28,7
mmu,1088,816,16244,-6,-28,6
mmu,1110,816,16060,-6,-28,8
mmu,1076,796,16146,-6,-27,7
mmu,1200,790,16094,-8,-28,7
mmu,1106,762,16128,-8,-27,7
mmu,1108,840,16216,-8,-27,7
mmu,1088,822,16148,-6,-27,7
mmu,1090,832,16116,-7,-28,7
mmu,1124,804,16138,-7,-29,7
mmu,1108,802,16108,-7,-28,7
mmu,1134,860,16130,-7,-27,8
mmu,1070,826,16132,-7,-27,7
mmu,1158,834,16090,-8,-28,7
mmu,1088,878,16128,-8,-28,7
mmu,1116,864,16154,-7,-27,7
mmu,1080,776,16148,-7,-29,7
mmu,1086,816,16106,-8,-26,7
mmu,1056,790,16140,-7,-28,7
mmu,1072,800,16136,-8,-27,6
mmu,1086,836,16156,-8,-27,7
mmu,1106,800,16210,-8,-28,7
mmu,1114,838,16146,-7,-28,7
mmu,1076,804,16062,-6,-28,7
mmu,1142,814,16172,-7,-28,7
mmu,1106,852,16042,-7,-27,6
mmu,1096,784,16166,-7,-29,7
mmu,1138,862,16136,-7,-26,8
mmu,1102,798,16118,-7,-27,5
mmu,1170,846,16102,-6,-28,7
mmu,1102,826,16206,-8,-28,6
mmu,1144,838,16128,-8,-28,7
mmu,1100,840,16124,-8,-28,7
mmu,1150,862,16214,-6,-28,7
mmu,1108,822,16074,-7,-29,7
mmu,1102,796,16160,-8,-28,7
mmu,1106,796,16138,-7,-28,6
mmu,1068,856,16186,-7,-28,7
mmu,1114,814,16160,-7,-28,7
mmu,1062,850,16140,-7,-28,7
mmu,1058,828,16150,-8,-28,8
mmu,1144,784,16090,-8,-27,7
mmu,1124,906,16110,-8,-28,7
mmu,1086,800,16144,-7,-27,6
mmu,1092,810,16094,-7,-28,7
mmu,1060,832,16096,-7,-27,7
mmu,1038,780,16184,-7,-27,7
mmu,1094,786,16104,-7,-27,7
mmu,1034,844,16158,-7,-27,7
mmu,1054,848,16086,-8,-27,7
mmu,1054,854,16146,-8,-28,7
mmu,1112,832,16138,-7,-28,6
mmu,1070,822,16148,-8,-28,6
mmu,1106,820,16100,-8,-27,7
mmu,1132,884,16110,-8,-27,8
mmu,1102,796,16054,-7,-28,7
mmu,1112,848,16130,-8,-28,7
mmu,1120,778,16180,-8,-28,7
mmu,1134,824,16196,-7,-27,6
mmu,1076,796,16196,-7,-26,7
mmu,1120,830,16150,-7,-27,6
mmu,1148,790,16176,-8,-28,6
mmu,1062,854,16184,-8,-26,7
mmu,1104,780,16112,-7,-28,6
mmu,1104,862,16250,-7,-27,7
mmu,1110,834,16098,-7,-27,7
mmu,1080,792,16162,-8,-27,6
mmu,1170,852,16104,-8,-27,7
mmu,1132,826,16094,-8,-28,7
mmu,1086,876,16090,-7,-27,6
mmu,1126,822,16212,-7,-26,6
mmu,1120,846,16242,-6,-28,7
mmu,1080,802,16188,-8,-28,7
mmu,1188,842,16158,-7,-28,6
mmu,1070,824,16106,-7,-28,7
mmu,1072,770,16142,-7,-27,6
mmu,1102,780,16200,-7,-28,6
mmu,1140,764,16114,-8,-27,7
mmu,1104,902,16054,-7,-27,7
mmu,1082,818,16136,-8,-27,7
mmu,1076,820,16062,-7,-27,7
mmu,1060,802,16218,-8,-29,7
mmu,1094,820,16138,-7,-28,6
mmu,1042,832,16194,-8,-28,6
mmu,1120,830,16126,-9,-27,7
mmu,1124,810,16152,-7,-28,7
mmu,1042,788,16230,-8,-26,7
mmu,1132,832,16146,-7,-27,7
mmu,1100,796,16156,-8,-26,7
mmu,1090,822,16094,-9,-26,7
mmu,1150,746,16206,-7,-28,7
mmu,1130,800,16194,-8,-26,6
mmu,1098,822,16250,-7,-28,7
mmu,1032,832,16090,-7,-28,7
mmu,1086,868,16102,-8,-25,7
mmu,1100,862,16194,-6,-26,6
mmu,1138,808,16164,-8,-27,7
mmu,1132,820,16210,-8,-27,7
mmu,1082,830,16204,-8,-28,6
mmu,1102,868,16134,-7,-27,7
mmu,1150,846,16106,-5,-26,6
mmu,1042,684,16098,-6,-27,6
mmu,1108,808,16010,-10,-29,7
mmu,1018,820,16088,-8,-28,7
mmu,1130,800,16142,-7,-27,7
mmu,1108,852,16096,-7,-27,7
mmu,1150,804,16132,-6,-28,7
mmu,1110,868,16284,-7,-29,7
mmu,1134,832,16180,-7,-29,7
mmu,1134,1098,16136,-10,-28,8
mmu,1046,610,15962,-16,-25,7
mmu,1060,786,16192,-8,-27,6
mmu,1094,800,16110,-7,-28,7
mmu,1108,810,16136,-8,-28,8
mmu,1052,824,16086,-7,-27,7
mmu,1136,810,16130,-6,-27,7
mmu,1094,740,16166,-7,-27,8
mmu,1086,796,16194,-8,-28,7
mmu,1154,652,16174,-8,-28,7
mmu,992,794,16184,-7,-24,7
mmu,1020,834,16100,-8,-27,7
mmu,1094,766,16066,-6,-28,7
mmu,1064,814,16166,-8,-27,6
mmu,1142,868,16050,-6,-28,7
mmu,1092,764,16158,-8,-27,6
mmu,1106,792,16150,-7,-28,6
mmu,1172,770,15986,-7,-25,7
mmu,1194,724,16068,-8,-27,7
mmu,1144,826,16106,-7,-29,7
mmu,1088,832,16132,-7,-28,7
mmu,1074,770,16194,-8,-27,6
mmu,1104,830,16212,-8,-27,6
mmu,1114,790,16096,-6,-28,7
mmu,1014,756,16108,-8,-27,7
mmu,926,914,16158,-7,-24,7
mmu,1164,856,16170,-10,-26,7
mmu,1068,754,16176,-8,-28,7
mmu,1132,784,16128,-8,-27,7
mmu,1144,830,16122,-7,-25,7
mmu,1102,818,16220,-6,-27,8
mmu,1056,836,16038,-7,-29,7
mmu,1146,828,16152,-7,-26,7
mmu,1068,776,16164,-8,-27,6
mmu,1100,780,16186,-7,-27,7
mmu,1036,836,16048,-7,-26,6
mmu,1092,802,16212,-8,-27,7
mmu,1088,810,15962,-7,-28,7
mmu,986,800,16074,-9,-26,7
mmu,1218,876,16206,-6,-29,7
mmu,1088,818,16106,-8,-28,6
mmu,1120,894,16194,-7,-26,7
mmu,1060,764,16188,-7,-27,8
mmu,1118,824,16052,-6,-27,7
mmu,1166,720,16058,-8,-28,7
mmu,1134,884,16122,-7,-28,7
mmu,1072,808,16160,-7,-27,7
mmu,1116,862,16122,-7,-29,7
mmu,1094,808,16112,-8,-28,7
mmu,1134,810,16190,-7,-27,8
mmu,1046,832,16162,-7,-27,8
mmu,1088,812,16154,-8,-28,6
mmu,1128,834,16164,-6,-28,8
mmu,1166,912,16184,-7,-28,7
mmu,1146,900,16224,-7,-27,7
mmu,1102,842,16060,-8,-28,6
mmu,1084,810,16062,-7,-28,7
mmu,1078,772,16090,-7,-27,7
mmu,1062,878,16258,-3,-24,6
mmu,1176,852,16214,-6,-32,7
mmu,1038,914,16128,-7,-26,7
mmu,1032,772,16152,-7,-27,7
mmu,1104,818,16130,-10,-27,6
mmu,1092,790,16126,-8,-27,7
mmu,1086,874,16174,-7,-27,8
mmu,1116,796,16118,-8,-28,6
mmu,1082,828,16190,-7,-29,7
mmu,1142,856,16100,-6,-28,7
mmu,1026,854,16036,-7,-27,8
mmu,1092,844,16170,-7,-28,6
mmu,1076,808,16148,-7,-27,7
mmu,1060,816,16138,-8,-27,7
mmu,1044,796,16112,-8,-29,7
mmu,1088,754,15994,-8,-27,6
mmu,1116,836,16124,-9,-28,6
mmu,1090,818,16158,-6,-28,7
mmu,1146,860,16152,-10,-28,7
mmu,1140,780,16156,-8,-27,8
mmu,1052,798,16066,-8,-28,7
mmu,1108,840,16278,-8,-29,7
mmu,1070,786,16068,-7,-28,7
mmu,1016,780,16168,-8,-25,7
mmu,1116,808,16124,-6,-27,7
mmu,1130,798,16166,-8,-28,7
mmu,1068,782,16104,-6,-27,7
mmu,1092,832,16188,-8,-27,7
mmu,1128,820,16136,-8,-27,6
mmu,1168,816,16178,-8,-26,6
mmu,1090,836,16048,-6,-26,7
mmu,1048,804,16108,-3,-28,7
mmu,1126,898,16182,-7,-28,7
mmu,1124,802,16114,-9,-27,7
mmu,1132,812,16148,-7,-28,7
mmu,1026,854,16044,-7,-27,8
mmu,1098,884,16132,-6,-28,6
mmu,1118,808,16104,-7,-27,7
mmu,1118,774,16202,-7,-27,6
mmu,1120,810,16108,-6,-27,7
mmu,1190,848,16106,-8,-26,7
mmu,1074,840,16176,-5,-28,7
mmu,1100,840,16156,-7,-28,6
mmu,1064,816,16208,-7,-26,6
mmu,1110,792,16106,-7,-28,7
mmu,1126,764,16130,-7,-28,7
mmu,1138,884,16150,-8,-26,7
mmu,1168,774,16100,-7,-27,7
mmu,1086,854,16094,-8,-27,7
mmu,1050,862,16270,-8,-28,7
mmu,1142,846,16186,-6,-28,7
mmu,1112,794,16112,-7,-30,6
mmu,1100,840,16186,-6,-28,7
mmu,1108,794,16192,-7,-28,7
mmu,1110,832,16080,-8,-28,7
mmu,1124,794,16104,-8,-28,8
mmu,1142,838,16188,-9,-29,7
mmu,1066,844,16190,-7,-29,7
mmu,1108,796,16150,-8,-27,7
mmu,1122,772,16138,-7,-27,6
mmu,1118,852,16144,-8,-27,8
mmu,1102,790,16164,-6,-26,8
mmu,1132,854,16222,-8,-27,7
mmu,1092,828,16132,-8,-28,7
mmu,1124,798,16092,-8,-28,7
mmu,1138,840,16144,-7,-27,7
mmu,1070,830,16124,-7,-27,7
mmu,1166,782,16074,-8,-27,7
mmu,1170,806,16178,-7,-27,7
mmu,1094,846,16114,-7,-27,7
mmu,1078,822,16100,-7,-27,7
mmu,1098,772,16144,-8,-26,7
mmu,1140,812,16160,-8,-27,7
mmu,1104,774,16060,-7,-27,8
mmu,1128,780,16086,-6,-28,7
mmu,1092,784,16182,-8,-29,6
mmu,1126,806,16150,-7,-28,6
mmu,1102,820,16108,-7,-28,6
mmu,1112,796,16086,-10,-28,8
mmu,1112,850,16098,-9,-27,8
mmu,1354,972,16218,9,-28,192
mmu,1132,658,16048,4,-27,188
mmu,1366,1088,16090,5,-26,197
mmu,922,858,16168,4,-26,187
mmu,804,582,16122,2,-29,137
mmu,812,570,16074,-3,-26,62
mmu,1252,914,16240,-5,-27,43
mmu,1192,1128,16104,-3,-27,35
mmu,898,980,16180,-6,-27,17
mmu,880,830,16158,-7,-26,11
mmu,1182,812,16228,-6,-26,7
mmu,1194,830,16042,-6,-27,6
mmu,1188,818,16082,-7,-27,7
mmu,1164,830,16182,-6,-27,7
mmu,1134,852,16154,-8,-27,7
mmu,1110,782,16098,-7,-29,7
mmu,1148,840,16160,-7,-28,6
mmu,1134,838,16126,-8,-28,6
mmu,1134,812,16132,-9,-27,8
mmu,1116,814,16114,-7,-27,7
mmu,1092,794,16192,-7,-27,6
mmu,1124,758,16064,-7,-26,7
mmu,1108,806,16152,-7,-27,6
mmu,1124,846,16188,-8,-28,6
mmu,1078,824,16180,-6,-26,6
mmu,1150,832,16074,-6,-26,8
mmu,1138,780,16096,-9,-27,7
mmu,1110,850,16150,-10,-28,7
mmu,1148,804,16172,-8,-27,7
mmu,1198,834,16104,-8,-27,6
mmu,1088,838,16150,-9,-27,7
mmu,1112,834,16102,-9,-29,7
mmu,1110,876,16210,-8,-27,7
mmu,1096,808,16164,-7,-29,7
mmu,1076,836,16200,-8,-28,7
mmu,1118,826,16182,-7,-28,7
mmu,1114,802,16096,-7,-28,7
mmu,1174,890,16064,-8,-28,7
mmu,2218,606,16158,-1,-30,53
mmu,1400,516,16116,6,-29,196
mmu,1276,920,16154,5,-29,168
mmu,1490,1040,16194,13,-34,157
mmu,1082,752,16240,-5,-24,89
mmu,1506,1048,16114,3,-28,103
mmu,1384,912,16168,6,-31,97
mmu,1450,1012,16166,7,-39,137
mmu,1250,1224,16174,-10,-192,130
mmu,1540,1170,16064,-44,-596,100
mmu,1846,790,16142,-68,-884,127
mmu,2508,804,15246,-84,-1160,149
mmu,4248,1548,14352,-108,-1473,119
mmu,5890,1478,15368,-142,-1666,54
mmu,6752,240,15280,-196,-1839,-59
mmu,7232,140,14272,-225,-2059,-73
mmu,7750,1510,12684,-253,-2318,-57
mmu,9680,346,16700,-313,-2428,-115
mmu,7676,-352,8660,-268,-2407,-83
mmu,10896,-2616,11680,-107,-2229,88
mmu,12358,-2072,11386,242,-2256,362
mmu,12564,-762,9436,491,-2297,727
mmu,13140,42,8030,419,-2276,666
mmu,14106,-548,5944,404,-2444,480
mmu,13764,-720,5562,593,-2672,167
mmu,14928,600,3298,485,-2537,-7
mmu,14370,-798,2104,320,-2393,-181
mmu,17924,966,1422,368,-2143,-297
mmu,16622,-8,-154,623,-1793,-543
mmu,22854,1374,1514,1033,-1827,-98
mmu,15114,-3606,-2794,1134,-319,-404
mmu,15976,1480,-7046,302,100,130
mmu,16554,1780,-2130,-409,473,127
mmu,17502,2488,-58,-479,533,248
mmu,16244,300,-1134,-7,-191,-6
mmu,16366,326,-1314,-14,-379,-21
mmu,16622,396,-1938,7,-252,-44
mmu,16450,428,-1822,-19,0,17
mmu,16424,406,-1650,-77,78,45
mmu,16380,310,-1490,-30,36,23
mmu,16424,364,-1576,-10,-17,4
mmu,16438,370,-1648,-9,-52,-2
mmu,16520,368,-1646,-8,-8,13
mmu,16488,386,-1614,-6,-1,14
mmu,16452,306,-1600,-7,-18,8
mmu,16464,324,-1576,-10,-42,0
mmu,16488,352,-1592,-8,-25,7
mmu,16444,320,-1614,-10,-14,11
mmu,16446,348,-1444,-9,-25,6
mmu,16452,390,-1568,-8,-36,2
mmu,16470,316,-1482,-8,-27,6
mmu,16466,376,-1486,-9,-32,4
mmu,16470,338,-1610,-9,-24,6
mmu,16414,332,-1520,-9,-26,6
mmu,16458,342,-1582,-9,-29,5
mmu,16406,408,-1560,-10,-24,7
mmu,16440,398,-1610,-8,-23,7
mmu,16404,374,-1530,-8,-29,6
mmu,16482,334,-1574,-8,-28,6
mmu,16482,362,-1624,-8,-25,6
mmu,16476,364,-1640,-8,-27,5
mmu,16492,336,-1584,-8,-27,6
mmu,16442,376,-1520,-8,-24,6
mmu,16434,358,-1580,-7,-25,6
mmu,16442,376,-1480,-8,-27,6
mmu,16402,364,-1608,-8,-26,7
mmu,16470,370,-1564,-8,-28,6
mmu,16434,344,-1590,-9,-28,6
mmu,16470,344,-1624,-10,-28,6
mmu,16452,354,-1590,-9,-30,5
mmu,16480,344,-1608,-8,-25,6
mmu,16484,324,-1564,-8,-25,6
mmu,16482,318,-1586,-7,-28,6
mmu,16452,378,-1530,-9,-27,5
mmu,16456,318,-1596,-8,-26,5
mmu,16450,314,-1510,-8,-28,6
mmu,16446,328,-1612,-8,-28,5
mmu,16392,364,-1564,-9,-28,4
mmu,16398,344,-1552,-8,-26,6
mmu,16490,324,-1616,-8,-26,6
mmu,16430,382,-1542,-7,-28,7
mmu,16426,338,-1580,-8,-27,5
mmu,16478,334,-1534,-9,-26,6
mmu,16464,354,-1546,-8,-27,4
mmu,16424,332,-1542,-8,-28,6
mmu,16436,284,-1600,-7,-27,6
mmu,16476,302,-1452,-8,-29,6
mmu,16448,336,-1588,-8,-25,6
mmu,16410,340,-1576,-8,-26,6
mmu,16424,298,-1590,-10,-28,5
mmu,16470,380,-1522,-8,-29,5
mmu,16488,360,-1640,-9,-26,6
mmu,16522,306,-1518,-9,-28,6
mmu,16476,344,-1598,-8,-29,5
mmu,16474,354,-1548,-9,-28,6
mmu,16410,338,-1598,-9,-29,4
mmu,16500,356,-1534,-8,-26,8
mmu,16416,346,-1626,-8,-25,6
mmu,16464,334,-1532,-8,-26,7
mmu,16400,292,-1590,-9,-27,6
mmu,16490,334,-1562,-8,-28,5
mmu,16448,378,-1658,-8,-26,6
mmu,16476,370,-1484,-7,-25,6
mmu,16462,380,-1518,-9,-27,6
mmu,16512,308,-1524,-9,-26,7
mmu,16448,322,-1522,-9,-26,5
mmu,16486,310,-1538,-9,-28,5
mmu,16462,380,-1540,-8,-27,6
mmu,16412,318,-1596,-6,-25,7
mmu,16456,402,-1612,-8,-27,6
mmu,16490,318,-1636,-8,-27,5
mmu,16456,320,-1480,-9,-27,7
mmu,16434,274,-1610,-9,-27,6
mmu,16416,380,-1548,-7,-28,6
mmu,16396,354,-1606,-11,-31,5
mmu,16466,332,-1664,-8,-23,6
mmu,16506,370,-1588,-9,-27,6
mmu,16502,344,-1544,-9,-32,4
mmu,16460,400,-1514,-8,-27,7
mmu,16440,394,-1546,-8,-26,6
mmu,16384,344,-1574,-8,-27,7
mmu,16464,332,-1584,-9,-29,6
mmu,16412,358,-1564,-8,-27,6
mmu,16452,378,-1526,-8,-27,7
mmu,16360,278,-1584,-8,-27,6
mmu,16484,328,-1586,-9,-28,6
mmu,16444,332,-1612,-8,-27,6
mmu,16474,306,-1570,-8,-26,6
mmu,16502,380,-1590,-8,-24,7
mmu,16408,350,-1550,-8,-27,5
mmu,16442,332,-1630,-9,-25,6
mmu,16414,366,-1510,-9,-26,5
mmu,16496,330,-1646,-8,-27,6
mmu,16422,350,-1554,-8,-27,6
mmu,16456,340,-1532,-7,-27,5
mmu,16434,360,-1604,-8,-24,6
mmu,16448,304,-1612,-8,-27,5
mmu,16450,348,-1550,-8,-27,6
mmu,16482,338,-1570,-9,-25,7
mmu,16374,296,-1534,-9,-25,8
mmu,16404,308,-1534,-7,-29,5
mmu,16386,386,-1598,-9,-29,5
mmu,16440,384,-1562,-9,-29,6
mmu,16432,352,-1532,-8,-26,7
mmu,16470,336,-1552,-8,-27,6
mmu,16438,340,-1652,-9,-30,5
mmu,16432,364,-1544,-9,-28,6
mmu,16478,366,-1610,-8,-25,7
mmu,16440,256,-1552,-9,-28,5
mmu,16492,330,-1552,-8,-28,6
mmu,16398,336,-1534,-9,-28,6
mmu,16460,380,-1550,-9,-28,5
mmu,16506,406,-1640,-8,-27,5
mmu,16472,392,-1476,-8,-27,5
mmu,16432,410,-1556,-8,-28,6
mmu,16492,348,-1614,-8,-24,7
mmu,16466,374,-1508,-7,-29,6
mmu,16372,352,-1534,-8,-30,5
mmu,16468,430,-1582,-8,-26,6
mmu,16522,398,-1584,-9,-24,7
mmu,16450,322,-1470,-9,-28,6
mmu,16486,342,-1546,-7,-28,6
mmu,16464,340,-1590,-8,-27,6
mmu,16492,376,-1496,-8,-26,6
mmu,16462,408,-1588,-7,-28,6
mmu,16398,382,-1514,-8,-29,6
mmu,16484,392,-1542,-9,-26,6
mmu,16434,338,-1530,-9,-26,6
mmu,16452,358,-1576,-9,-26,7
mmu,16478,334,-1574,-8,-27,6
mmu,16390,340,-1576,-9,-28,6
mmu,16490,354,-1472,-7,-27,5
mmu,16504,318,-1604,-8,-26,7
mmu,16490,292,-1496,-8,-27,6
mmu,16400,370,-1600,-8,-27,6
mmu,16394,316,-1548,-8,-29,7
mmu,16426,330,-1618,-8,-27,6
mmu,16500,338,-1518,-9,-27,6
mmu,16452,340,-1640,-8,-27,6
mmu,16462,326,-1564,-8,-27,6
mmu,16452,332,-1640,-8,-28,6
mmu,16456,302,-1600,-8,-23,8
mmu,16396,300,-1484,-7,-28,5
mmu,16494,314,-1508,-9,-27,6
mmu,16440,356,-1596,-8,-29,5
mmu,16464,358,-1682,-8,-28,5
mmu,16376,300,-1628,-7,-25,8
mmu,16462,318,-1564,-9,-28,5
mmu,16420,374,-1490,-8,-28,6
mmu,16444,366,-1580,-7,-27,8
mmu,16398,320,-1568,-9,-26,6
mmu,16484,382,-1554,-8,-27,6
mmu,16480,314,-1606,-7,-27,5
mmu,16448,384,-1514,-7,-26,6
mmu,16410,396,-1546,-8,-28,6
mmu,16442,362,-1570,-8,-28,6
mmu,16408,316,-1580,-7,-28,6
mmu,16448,350,-1540,-8,-26,7
mmu,16482,306,-1522,-8,-27,6
mmu,16472,400,-1500,-9,-27,6
mmu,16486,280,-1576,-9,-27,6
mmu,16442,360,-1548,-9,-27,6
mmu,16506,396,-1612,-8,-29,7
mmu,16502,356,-1500,-8,-26,6
mmu,16464,332,-1502,-8,-30,6
mmu,16438,352,-1506,-8,-29,6
mmu,16468,332,-1618,-9,-27,6
mmu,16468,332,-1580,-10,-26,6
mmu,16446,312,-1670,-9,-28,6
mmu,16438,362,-1568,-8,-27,6
mmu,16426,396,-1584,-9,-26,7
mmu,16432,350,-1578,-8,-27,6
mmu,16504,382,-1608,-8,-27,6
mmu,16446,306,-1580,-8,-27,6
mmu,16450,324,-1554,-8,-27,6
mmu,16470,386,-1554,-8,-28,5
mmu,16506,356,-1652,-8,-27,6
mmu,16422,360,-1548,-8,-26,7
mmu,16472,342,-1514,-8,-27,7
mmu,16492,378,-1570,-8,-25,7
mmu,16484,296,-1626,-8,-28,5
mmu,16436,342,-1566,-8,-27,7
mmu,16444,414,-1536,-7,-27,6
mmu,16438,324,-1554,-8,-25,7
mmu,16526,350,-1620,-8,-27,5
mmu,16426,380,-1500,-8,-25,6
mmu,16408,326,-1550,-8,-24,6
mmu,16460,360,-1544,-8,-28,6
mmu,16442,360,-1598,-8,-26,6
mmu,16402,394,-1554,-8,-26,6
mmu,16486,334,-1534,-9,-29,6
mmu,16506,306,-1522,-8,-28,5
mmu,16494,348,-1582,-9,-27,6
mmu,16460,364,-1574,-7,-25,7
mmu,16432,328,-1648,-8,-28,6
mmu,16472,364,-1684,-9,-32,5
mmu,16440,328,-1608,-8,-26,6
mmu,16376,404,-1582,-8,-27,5
mmu,16462,344,-1498,-8,-28,6
mmu,16466,372,-1584,-7,-28,6
mmu,16462,344,-1556,-9,-26,7
mmu,16414,334,-1556,-9,-26,6
mmu,16508,336,-1632,-8,-30,5
mmu,16424,354,-1562,-9,-25,7
mmu,16476,380,-1648,-8,-25,7
mmu,16454,316,-1588,-7,-26,6
mmu,16470,382,-1520,-9,-27,6
mmu,16386,350,-1558,-9,-28,6
mmu,16440,298,-1554,-7,-26,7
mmu,16396,306,-1474,-8,-23,7
mmu,16432,362,-1584,-8,-29,5
mmu,16444,334,-1594,-8,-28,6
mmu,16454,348,-1548,-7,-26,6
mmu,16430,372,-1600,-9,-26,7
mmu,16394,342,-1556,-8,-26,5
mmu,16444,394,-1562,-9,-28,6
mmu,16410,336,-1562,-8,-29,7
mmu,16484,378,-1552,-7,-27,7
mmu,16526,398,-1480,-9,-27,6
mmu,16484,318,-1572,-8,-29,5
mmu,16420,348,-1516,-9,-27,6
mmu,16468,366,-1542,-8,-27,6
mmu,16398,312,-1602,-7,-27,6
mmu,16444,350,-1480,-9,-28,7
mmu,16432,378,-1634,-9,-26,6
mmu,16420,326,-1592,-9,-27,7
mmu,16444,384,-1616,-7,-28,5
mmu,16446,348,-1600,-8,-27,6
mmu,16400,404,-1538,-9,-26,6
mmu,16436,336,-1594,-8,-27,7
mmu,16472,412,-1514,-7,-27,6
mmu,16482,290,-1518,-9,-26,6
mmu,16498,322,-1604,-8,-25,6
mmu,16514,324,-1452,-8,-27,6
mmu,16426,310,-1608,-9,-26,8
mmu,16410,304,-1630,-8,-28,6
mmu,16412,376,-1554,-8,-26,6
mmu,16442,356,-1584,-9,-26,7
mmu,16472,298,-1570,-8,-28,5
mmu,16460,358,-1602,-9,-27,5
mmu,16464,372,-1614,-8,-27,5
mmu,16488,366,-1530,-9,-25,7
mmu,16456,318,-1558,-10,-24,8
mmu,16412,282,-1584,-8,-31,5
mmu,16466,264,-1596,-8,-25,6
mmu,16456,396,-1548,-8,-26,6
mmu,16486,362,-1538,-9,-28,5
mmu,16390,348,-1528,-9,-29,6
mmu,16436,332,-1620,-8,-28,6
mmu,16498,332,-1554,-8,-25,6
mmu,16448,376,-1596,-9,-26,7
mmu,16444,368,-1534,-8,-27,7
mmu,16426,354,-1524,-9,-25,5
mmu,16440,358,-1508,-8,-26,5
mmu,16526,322,-1586,-8,-29,6
mmu,16420,360,-1584,-8,-29,6
mmu,16496,332,-1638,-9,-26,7
mmu,16436,308,-1536,-7,-27,5
mmu,16486,310,-1564,-8,-28,6
mmu,16448,350,-1612,-8,-26,6
mmu,16446,348,-1492,-8,-28,6
mmu,16446,388,-1592,-9,-27,5
mmu,16466,382,-1630,-8,-28,6
mmu,16494,354,-1554,-8,-27,5
mmu,16438,342,-1572,-9,-26,5
mmu,16420,304,-1606,-9,-25,6
mmu,16428,338,-1484,-9,-30,5
mmu,16436,352,-1558,-8,-27,6
mmu,16466,338,-1630,-9,-25,7
mmu,16446,320,-1676,-9,-28,5
mmu,16444,350,-1570,-8,-29,7
mmu,16456,332,-1570,-8,-26,6
mmu,16500,326,-1588,-9,-28,6
mmu,16460,340,-1554,-9,-29,6
mmu,16442,324,-1612,-9,-27,5
mmu,16498,372,-1614,-8,-27,6
mmu,16462,342,-1590,-8,-26,7
mmu,16450,356,-1536,-8,-25,7
mmu,16436,392,-1590,-9,-28,6
mmu,16498,354,-1538,-8,-26,7
mmu,16448,380,-1652,-8,-26,6
mmu,16478,330,-1532,-8,-27,6
mmu,16464,332,-1548,-8,-28,6
mmu,16440,314,-1572,-8,-27,8
mmu,16432,340,-1528,-8,-27,7
mmu,16452,340,-1588,-7,-27,7
mmu,16412,364,-1478,-7,-26,6
mmu,16470,372,-1520,-8,-26,6
mmu,16422,384,-1496,-8,-27,7
mmu,16444,300,-1672,-8,-29,5
mmu,16426,338,-1500,-8,-28,6
mmu,16402,324,-1564,-8,-27,6
mmu,16438,352,-1626,-8,-25,6
mmu,16450,372,-1592,-8,-27,7
mmu,16446,312,-1636,-9,-27,6
mmu,16446,336,-1592,-7,-29,6
mmu,16404,342,-1608,-8,-23,8
mmu,16454,328,-1622,-7,-27,5
mmu,16456,346,-1570,-7,-26,8
mmu,16510,378,-1516,-8,-26,6
mmu,16484,380,-1556,-7,-27,6
mmu,16482,308,-1650,-9,-28,6
mmu,16468,324,-1526,-8,-28,7
mmu,16468,394,-1678,-9,-25,6
mmu,16446,374,-1596,-8,-27,6
mmu,16422,312,-1632,-9,-28,6
mmu,16476,294,-1542,-7,-27,5
mmu,16420,306,-1560,-9,-27,6
mmu,16400,352,-1630,-9,-27,6
mmu,16348,306,-1574,-10,-26,7
mmu,16478,402,-1614,-7,-26,6
mmu,16478,338,-1570,-8,-26,6
mmu,16458,352,-1616,-8,-26,7
mmu,16378,314,-1546,-9,-28,7
mmu,16484,346,-1544,-8,-27,5
mmu,16532,346,-1614,-8,-26,6
mmu,16438,328,-1576,-7,-26,6
mmu,16422,332,-1542,-8,-29,5
mmu,16496,342,-1588,-8,-28,6
mmu,16474,278,-1620,-9,-25,7
mmu,16274,350,-1502,-9,-28,6
mmu,16460,288,-1612,-8,-29,7
mmu,16404,348,-1564,-8,-26,5
mmu,16452,320,-1606,-8,-27,7
mmu,16478,356,-1522,-8,-27,6
mmu,16466,294,-1586,-8,-27,7
mmu,16468,308,-1626,-8,-28,6
mmu,16468,356,-1544,-8,-26,6
mmu,16490,324,-1494,-8,-28,5
mmu,16402,308,-1428,-10,-28,6
mmu,16476,342,-1590,-9,-27,6
mmu,16434,346,-1562,-8,-26,7
mmu,16404,344,-1686,-9,-28,6
mmu,16458,342,-1624,-9,-28,7
mmu,16444,396,-1572,-8,-27,6
mmu,16424,320,-1612,-7,-29,6
mmu,16460,394,-1552,-9,-27,5
mmu,16456,380,-1602,-8,-28,5
mmu,16490,322,-1564,-9,-28,6
mmu,16438,354,-1586,-7,-26,6
mmu,16446,358,-1630,-10,-25,6
mmu,16430,362,-1560,-7,-28,6
mmu,16486,344,-1610,-8,-24,7
mmu,16430,412,-1580,-7,-26,6
mmu,16504,342,-1506,-8,-28,5
mmu,16424,330,-1568,-8,-26,6
mmu,16488,364,-1486,-8,-30,6
mmu,16480,384,-1566,-8,-26,7
mmu,16392,282,-1618,-7,-23,8
mmu,16416,378,-1572,-8,-27,7
mmu,16444,316,-1556,-8,-29,6
mmu,16460,354,-1572,-8,-25,7
mmu,16434,376,-1548,-9,-28,7
mmu,16476,390,-1586,-8,-29,5
mmu,16512,342,-1512,-8,-27,7
mmu,16446,352,-1614,-9,-25,7
mmu,16496,338,-1604,-9,-28,6
mmu,16472,288,-1614,-8,-28,6
mmu,16472,328,-1564,-8,-26,6
mmu,16486,352,-1462,-8,-26,6
mmu,16496,334,-1578,-9,-28,7
mmu,16464,302,-1540,-9,-26,6
mmu,16504,358,-1626,-8,-27,6
mmu,16434,356,-1628,-9,-28,6
mmu,16432,364,-1634,-9,-26,5
mmu,16508,358,-1522,-8,-27,5
mmu,16374,372,-1576,-8,-28,6
mmu,16446,334,-1602,-8,-27,6
mmu,16426,292,-1548,-8,-26,6
mmu,16440,286,-1596,-7,-26,6
mmu,16462,302,-1594,-7,-26,7
mmu,16456,376,-1546,-9,-28,6
mmu,16456,256,-1552,-8,-26,7
mmu,16466,334,-1518,-8,-28,7
mmu,16444,388,-1632,-8,-28,6
mmu,16464,338,-1616,-8,-27,6
mmu,16516,346,-1612,-8,-28,6
mmu,16486,360,-1608,-9,-28,6
mmu,16438,334,-1542,-8,-26,7
mmu,16400,380,-1562,-9,-27,7
mmu,16410,340,-1510,-8,-27,6
mmu,16406,334,-1592,-9,-26,5
mmu,16458,314,-1554,-8,-27,6
mmu,16388,340,-1596,-8,-28,6
mmu,16410,384,-1612,-8,-26,6
mmu,16480,322,-1636,-8,-27,6
mmu,16448,398,-1546,-8,-26,7
mmu,16450,332,-1514,-7,-26,6
mmu,16450,356,-1556,-8,-27,6
mmu,16456,330,-1632,-9,-27,5
mmu,16408,338,-1498,-8,-27,6
mmu,16438,346,-1566,-8,-27,6
mmu,16486,342,-1526,-8,-27,6
mmu,16446,334,-1602,-8,-27,7
mmu,16464,328,-1612,-8,-26,6
mmu,16484,358,-1624,-7,-26,6
mmu,16416,364,-1592,-9,-25,6
mmu,16474,310,-1598,-7,-28,6
mmu,16460,292,-1578,-8,-27,7
mmu,16410,344,-1612,-7,-28,7
mmu,16490,360,-1650,-9,-26,6
mmu,16408,360,-1600,-8,-27,7
mmu,16440,364,-1542,-8,-27,6
mmu,16420,360,-1572,-8,-28,5
mmu,16458,324,-1588,-10,-28,6
mmu,16472,400,-1504,-7,-28,7
mmu,16394,306,-1544,-8,-27,5
mmu,16426,386,-1550,-8,-26,6
mmu,16454,380,-1550,-7,-27,7
mmu,16468,312,-1478,-8,-27,7
mmu,16494,358,-1602,-8,-27,5
mmu,16500,350,-1626,-10,-27,6
mmu,16496,362,-1542,-9,-30,6
mmu,16480,350,-1620,-7,-25,7
mmu,16436,354,-1550,-7,-27,6
mmu,16414,360,-1570,-8,-28,6
mmu,16468,296,-1500,-8,-27,6
mmu,16476,390,-1546,-7,-28,7
mmu,16506,338,-1564,-9,-27,6
mmu,16484,368,-1528,-9,-27,6
mmu,16484,346,-1706,-8,-28,5
mmu,16478,382,-1530,-8,-26,6
mmu,16464,284,-1602,-8,-27,7
mmu,16462,342,-1606,-8,-28,5
mmu,16482,376,-1582,-8,-28,6
mmu,16450,346,-1580,-8,-27,6
mmu,16450,360,-1498,-8,-26,6
mmu,16464,352,-1588,-8,-27,6
mmu,16486,396,-1520,-7,-28,6
mmu,16430,346,-1574,-8,-27,7
mmu,16496,370,-1656,-7,-28,6
mmu,16424,394,-1574,-8,-28,6
mmu,16392,318,-1588,-8,-27,6
mmu,16432,288,-1500,-9,-26,6
mmu,16496,296,-1536,-8,-27,7
mmu,16398,360,-1556,-8,-27,8
mmu,16472,374,-1572,-8,-29,6
mmu,16462,356,-1550,-9,-27,6
mmu,16440,412,-1600,-8,-28,6
mmu,16422,350,-1580,-8,-27,6
mmu,16378,332,-1628,-8,-27,6
mmu,16450,388,-1676,-8,-29,6
mmu,16454,392,-1602,-8,-28,7
mmu,16458,408,-1654,-8,-27,7
mmu,16444,356,-1498,-8,-27,6
mmu,16436,358,-1632,-9,-27,5
mmu,16498,366,-1582,-8,-27,6
mmu,16456,386,-1588,-8,-27,6
mmu,16430,336,-1580,-8,-28,7
mmu,16454,360,-1576,-9,-27,6
mmu,16478,334,-1560,-8,-27,6
mmu,16474,332,-1506,-8,-27,7
mmu,16424,350,-1530,-7,-28,5
mmu,16474,360,-1602,-7,-28,7
mmu,16500,348,-1520,-8,-27,7
mmu,16444,354,-1568,-10,-28,7
mmu,16470,368,-1562,-8,-27,7
mmu,16470,304,-1556,-8,-27,7
mmu,16468,364,-1498,-8,-27,5
mmu,16400,360,-1558,-8,-26,7
mmu,16464,368,-1534,-7,-27,7
mmu,16438,334,-1618,-8,-27,6
mmu,16468,354,-1502,-8,-24,6
mmu,16440,354,-1522,-8,-27,6
mmu,16446,332,-1518,-8,-26,7
mmu,16414,366,-1602,-8,-29,6
mmu,16440,352,-1554,-9,-27,7
mmu,16414,340,-1668,-9,-27,6
mmu,16452,366,-1582,-8,-27,6
mmu,16448,352,-1620,-8,-27,6
mmu,16428,310,-1514,-7,-28,7
mmu,16488,354,-1600,-8,-26,7
mmu,16436,296,-1566,-10,-26,6
mmu,16476,382,-1566,-7,-27,5
mmu,16424,388,-1520,-8,-28,7
mmu,16464,344,-1646,-7,-26,6
mmu,16452,376,-1654,-8,-27,6
mmu,16510,354,-1572,-8,-28,6
mmu,16426,340,-1672,-8,-27,6
mmu,16482,404,-1554,-8,-26,7
mmu,16476,318,-1616,-9,-26,5
mmu,16454,380,-1582,-7,-28,7
mmu,16420,334,-1568,-8,-27,6
mmu,16440,386,-1540,-8,-27,6
mmu,16444,364,-1624,-8,-27,6
mmu,16432,340,-1532,-9,-27,6
mmu,16434,350,-1672,-8,-26,6
mmu,16510,302,-1560,-8,-27,6
mmu,16426,368,-1506,-8,-26,7
mmu,16494,390,-1540,-9,-28,7
mmu,16468,302,-1638,-9,-25,7
mmu,16458,334,-1612,-9,-28,6
mmu,16470,362,-1652,-8,-27,6
mmu,16462,386,-1608,-8,-27,6
mmu,16446,320,-1636,-8,-26,6
mmu,16468,338,-1562,-8,-26,6
mmu,16478,346,-1502,-8,-28,6
mmu,16470,336,-1582,-7,-26,7
mmu,16426,292,-1600,-9,-26,7
mmu,16484,294,-1524,-8,-27,7
mmu,16486,308,-1656,-8,-28,6
mmu,16446,374,-1606,-9,-26,8
mmu,16472,402,-1620,-8,-27,5
mmu,16480,378,-1496,-9,-27,6
mmu,16448,362,-1568,-8,-27,6
mmu,16454,348,-1528,-8,-27,7
mmu,16444,334,-1596,-8,-27,6
mmu,16456,400,-1514,-8,-26,5
mmu,16456,312,-1588,-8,-26,6
mmu,16466,358,-1548,-8,-27,7
mmu,16452,386,-1660,-8,-27,6
mmu,16438,346,-1536,-9,-26,6
mmu,16430,306,-1536,-8,-28,6
mmu,16434,332,-1500,-9,-28,7
mmu,16428,360,-1568,-8,-27,5
mmu,16490,278,-1586,-8,-26,6
mmu,16424,334,-1560,-9,-27,7
mmu,16518,350,-1606,-8,-28,7
mmu,16480,314,-1594,-9,-27,6
mmu,16516,336,-1590,-8,-25,7
mmu,16462,346,-1560,-8,-27,6
mmu,16470,292,-1558,-8,-29,6
mmu,16470,364,-1496,-7,-26,6
mmu,16458,374,-1560,-9,-27,5
mmu,16474,290,-1610,-9,-28,5
mmu,16438,300,-1544,-8,-25,7
mmu,16456,358,-1626,-9,-25,7
mmu,16498,314,-1504,-8,-26,6
mmu,16438,372,-1538,-9,-28,6
mmu,16472,364,-1504,-8,-26,6
mmu,16450,392,-1566,-8,-28,6
mmu,16566,330,-1560,-8,-28,6
mmu,16424,340,-1538,-8,-27,6
mmu,16414,350,-1566,-8,-28,7
mmu,16470,342,-1520,-9,-27,6
mmu,16408,334,-1582,-8,-29,7
mmu,16412,410,-1552,-8,-26,6
mmu,16492,346,-1586,-8,-28,6
mmu,16488,348,-1622,-8,-28,7
mmu,16488,388,-1590,-8,-25,7
mmu,16500,340,-1580,-8,-27,6
mmu,16458,392,-1554,-8,-30,6
mmu,16478,318,-1644,-8,-27,7
mmu,16414,368,-1602,-8,-27,7
mmu,16506,298,-1514,-9,-29,5
mmu,16496,318,-1516,-8,-28,7
mmu,16416,378,-1554,-9,-26,7
mmu,16370,384,-1504,-10,-25,7
mmu,16518,310,-1640,-8,-27,7
mmu,16504,364,-1492,-8,-25,6
mmu,16486,420,-1534,-8,-28,6
mmu,16440,366,-1568,-9,-28,6
mmu,16450,342,-1570,-9,-26,5
mmu,16400,350,-1546,-7,-27,6
mmu,16460,292,-1560,-8,-28,6
mmu,16538,332,-1642,-8,-26,6
mmu,16522,262,-1618,-8,-27,6
mmu,16464,306,-1646,-9,-29,6
mmu,16492,380,-1526,-9,-28,6
mmu,16406,372,-1568,-8,-26,6
mmu,16454,362,-1642,-7,-29,6
mmu,16462,336,-1622,-7,-28,6
mmu,16472,336,-1584,-8,-26,7
mmu,16446,392,-1592,-8,-27,6
mmu,16464,372,-1584,-9,-27,7
mmu,16426,326,-1526,-8,-28,6
mmu,16476,368,-1600,-9,-26,6
mmu,16474,328,-1620,-8,-28,7
mmu,16390,350,-1570,-8,-27,6
mmu,16454,316,-1578,-8,-26,7
mmu,16438,382,-1622,-8,-26,5
mmu,16420,280,-1454,-7,-28,6
mmu,16518,304,-1588,-9,-27,6
mmu,16446,402,-1680,-8,-26,6
mmu,16522,354,-1632,-7,-28,5
mmu,16466,356,-1572,-8,-28,6
mmu,16518,386,-1584,-8,-27,6
mmu,16462,322,-1536,-9,-26,7
mmu,16502,344,-1552,-8,-26,7
mmu,16438,344,-1564,-8,-27,6
mmu,16466,316,-1606,-9,-26,5
mmu,16396,348,-1520,-8,-28,7
mmu,16454,318,-1568,-9,-27,6
mmu,16464,330,-1586,-8,-27,6
mmu,16474,346,-1482,-9,-27,6
mmu,16466,354,-1596,-8,-27,6
mmu,16440,344,-1526,-8,-27,7
mmu,16484,372,-1570,-9,-28,6
mmu,16472,336,-1516,-8,-26,6
mmu,16476,296,-1538,-8,-27,7
mmu,16432,314,-1560,-9,-27,6
mmu,16468,338,-1572,-8,-27,6
mmu,16496,280,-1592,-9,-27,6
mmu,16472,332,-1538,-8,-29,6
mmu,16500,378,-1558,-8,-26,6
mmu,16404,328,-1558,-8,-28,7
mmu,16446,344,-1508,-9,-28,7
mmu,16446,322,-1488,-9,-26,7
mmu,16458,346,-1452,-8,-26,6
mmu,16496,336,-1632,-9,-28,7
mmu,16456,376,-1570,-9,-26,6
mmu,16460,366,-1578,-7,-27,6
mmu,16458,304,-1574,-8,-26,6
mmu,16468,332,-1448,-10,-29,7
mmu,16444,344,-1522,-8,-28,6
mmu,16446,348,-1616,-8,-26,7
mmu,16470,362,-1618,-8,-28,7
mmu,16382,372,-1586,-8,-27,6
mmu,16452,314,-1550,-7,-28,6
mmu,16442,322,-1510,-9,-26,5
mmu,16464,386,-1562,-9,-29,6
mmu,16464,360,-1588,-8,-25,7
mmu,16426,400,-1624,-8,-27,5
mmu,16480,350,-1584,-8,-27,6
mmu,16434,324,-1554,-9,-27,7
mmu,16434,366,-1598,-8,-25,6
mmu,16444,372,-1648,-8,-26,6
mmu,16474,378,-1512,-8,-27,6
mmu,16456,378,-1592,-8,-27,6
mmu,16460,304,-1606,-8,-29,5
mmu,16432,418,-1582,-8,-26,6
mmu,16422,310,-1672,-7,-27,6
mmu,16426,394,-1576,-8,-27,7
mmu,16468,354,-1578,-9,-28,6
mmu,16494,310,-1528,-8,-26,6
mmu,16494,412,-1568,-8,-26,6
mmu,16450,326,-1628,-8,-28,5
mmu,16474,350,-1570,-7,-26,6
mmu,16492,324,-1560,-9,-26,7
mmu,16468,302,-1472,-8,-28,7
mmu,16428,326,-1636,-8,-28,7
mmu,16446,376,-1592,-9,-27,7
mmu,16446,322,-1542,-7,-27,6
mmu,16464,338,-1514,-9,-28,5
mmu,16476,348,-1604,-8,-25,8
mmu,16488,428,-1594,-8,-28,6
mmu,16484,352,-1638,-8,-29,6
mmu,16466,300,-1536,-8,-25,7
mmu,16456,282,-1634,-8,-26,5
mmu,16378,328,-1620,-8,-30,7
mmu,16544,296,-1526,-8,-24,9
mmu,16442,370,-1544,-8,-25,6
mmu,16446,282,-1598,-8,-31,6
mmu,16438,402,-1558,-8,-31,3
mmu,16438,400,-1640,-8,-27,5
mmu,16396,422,-1604,-9,-24,8
mmu,16540,382,-1540,-8,-28,7
mmu,16458,290,-1680,-9,-31,6
mmu,16420,328,-1598,-8,-25,7
mmu,16482,368,-1654,-9,-27,5
mmu,16366,334,-1532,-8,-27,6
mmu,16486,320,-1606,-8,-26,6
mmu,16460,298,-1538,-8,-28,6
mmu,16562,326,-1560,-7,-28,7
mmu,16474,326,-1548,-8,-26,6
mmu,16472,340,-1620,-8,-25,6
mmu,16432,318,-1556,-10,-26,6
mmu,16488,344,-1584,-9,-32,5
mmu,16418,332,-1560,-8,-24,7
mmu,16396,352,-1492,-7,-24,7
mmu,16510,358,-1552,-9,-30,5
mmu,16400,336,-1578,-8,-27,6
mmu,16420,412,-1534,-8,-28,6
mmu,16432,356,-1598,-8,-26,6
mmu,16426,334,-1562,-8,-26,6
mmu,16424,324,-1486,-9,-27,7
mmu,16396,332,-1538,-9,-26,6
mmu,16460,398,-1582,-9,-27,6
mmu,16436,346,-1586,-9,-28,6
mmu,16460,294,-1672,-8,-28,5
mmu,16516,266,-1566,-8,-28,7
mmu,16386,332,-1568,-9,-27,6
mmu,16508,328,-1604,-8,-27,7
mmu,16484,342,-1574,-8,-27,7
mmu,16458,366,-1602,-8,-26,6
mmu,16442,308,-1552,-9,-28,7
mmu,16414,372,-1554,-8,-29,6
mmu,16516,326,-1518,-8,-28,7
mmu,16472,344,-1488,-8,-26,6
mmu,16466,334,-1600,-9,-26,6
mmu,16404,332,-1616,-9,-26,7
mmu,16446,272,-1476,-8,-28,7
mmu,16510,318,-1620,-9,-27,7
mmu,16490,326,-1610,-8,-27,6
mmu,16450,372,-1546,-8,-27,6
mmu,16406,328,-1606,-9,-27,6
mmu,16474,342,-1494,-7,-26,5
mmu,16478,314,-1532,-8,-27,6
mmu,16466,364,-1538,-9,-27,6
mmu,16450,350,-1550,-8,-27,6
mmu,16448,344,-1696,-8,-26,5
mmu,16434,394,-1520,-8,-27,6
mmu,16412,350,-1516,-8,-26,7
mmu,16434,326,-1512,-9,-26,7
mmu,16452,344,-1606,-7,-26,7
mmu,16404,336,-1596,-8,-28,6
mmu,16442,350,-1656,-9,-26,6
mmu,16430,292,-1600,-9,-28,6
mmu,16472,310,-1530,-8,-26,6
mmu,16446,340,-1622,-8,-27,6
mmu,16450,372,-1552,-8,-27,6
mmu,16418,338,-1578,-9,-28,7
mmu,16528,354,-1574,-8,-27,6
mmu,16442,320,-1578,-9,-26,5
mmu,16454,312,-1628,-7,-26,6
mmu,16462,384,-1514,-7,-26,7
mmu,16426,366,-1552,-8,-27,7
mmu,16496,418,-1548,-7,-27,7
mmu,16450,346,-1598,-7,-28,5
mmu,16446,398,-1542,-9,-27,7
mmu,16424,340,-1570,-8,-26,7
mmu,16466,334,-1600,-9,-28,6
mmu,16496,390,-1578,-9,-27,6
mmu,16430,360,-1606,-8,-28,6
mmu,16392,314,-1496,-8,-26,6
mmu,16514,342,-1550,-8,-27,8
mmu,16464,370,-1658,-8,-26,6
mmu,16436,330,-1576,-8,-27,6
mmu,16480,360,-1640,-8,-26,7
mmu,16446,312,-1602,-8,-26,6
mmu,16496,326,-1536,-8,-27,7
mmu,16454,350,-1576,-9,-27,7
mmu,16460,356,-1634,-8,-26,8
mmu,16414,364,-1538,-7,-27,6
mmu,16494,314,-1518,-9,-28,6
mmu,16384,312,-1554,-8,-26,6
mmu,16398,334,-1574,-8,-26,6
mmu,16464,332,-1602,-9,-26,7
mmu,16432,330,-1492,-9,-27,6
mmu,16498,334,-1548,-8,-28,6
mmu,16442,308,-1568,-8,-29,6
mmu,16462,314,-1536,-8,-25,7
mmu,16496,368,-1684,-7,-27,7
mmu,16424,374,-1640,-8,-24,7
mmu,16438,276,-1528,-8,-26,6
mmu,16462,334,-1574,-8,-26,6
mmu,16460,316,-1556,-8,-26,6
mmu,16410,352,-1622,-10,-27,7
mmu,16478,404,-1626,-8,-27,7
mmu,16496,350,-1590,-8,-26,7
mmu,16468,340,-1522,-8,-27,6
mmu,16450,312,-1588,-9,-26,6
mmu,16456,326,-1582,-8,-27,7
mmu,16474,292,-1552,-8,-27,6
mmu,16510,364,-1566,-8,-27,6
mmu,16400,300,-1558,-7,-28,7
mmu,16490,364,-1504,-9,-28,6
mmu,16440,374,-1670,-8,-26,7
mmu,16420,338,-1544,-9,-25,7
mmu,16430,318,-1526,-8,-28,6
mmu,16414,330,-1550,-8,-27,6
mmu,16402,304,-1540,-8,-28,8
mmu,16438,350,-1482,-8,-27,6
mmu,16412,360,-1542,-9,-27,5
mmu,16492,302,-1566,-8,-27,8
mmu,16410,344,-1648,-9,-25,7
mmu,16432,324,-1538,-9,-27,6
mmu,16454,342,-1496,-8,-27,6
mmu,16434,360,-1634,-8,-27,6
mmu,16398,326,-1678,-10,-27,6
mmu,16492,362,-1586,-8,-27,5
mmu,16454,298,-1550,-8,-28,5
mmu,16490,336,-1528,-8,-26,7
mmu,16436,336,-1538,-9,-28,5
mmu,16504,352,-1548,-8,-27,7
mmu,16424,344,-1680,-3,-22,5
mmu,17102,20,-1870,14,248,89
mmu,17064,-700,2098,465,1835,212
mmu,17610,982,2632,-138,2266,258
mmu,16818,-892,3972,-415,2693,306
mmu,16488,-1940,4624,-504,3076,365
mmu,17454,-690,4138,-393,3280,157
mmu,15612,574,7754,-167,2902,-39
mmu,13238,-344,6776,-296,3029,-219
mmu,12958,-1072,8560,-290,2913,-281
mmu,12562,98,11664,-173,2696,-321
mmu,10812,124,11310,-100,2329,-364
mmu,9172,-1224,12142,133,1960,-467
mmu,7678,-1310,12536,460,1557,-452
mmu,6606,-756,13514,732,926,-400
mmu,5362,-1022,8410,123,1510,-65
mmu,5876,-358,13546,199,972,112
mmu,4638,286,11874,168,890,410
mmu,5582,1702,14438,245,996,412
mmu,5302,2166,16302,137,1051,204
mmu,2942,1000,15704,71,917,-11
mmu,2770,162,15530,38,857,-71
mmu,2404,-110,15766,36,754,-96
mmu,2274,660,16124,37,700,-72
mmu,1926,356,15880,40,700,-97
mmu,2100,778,15988,54,771,-41
mmu,3426,5880,15818,111,-31,70
mmu,1156,622,15216,18,-70,6
mmu,608,206,16102,-49,2,9
mmu,1586,1160,16568,1,-29,6
mmu,1094,806,15910,-10,-27,8
mmu,1256,870,15858,-10,-25,7
mmu,1320,902,16064,-7,-28,8
mmu,1300,930,16066,-8,-27,7
mmu,1286,876,16092,-7,-26,7
mmu,1348,852,16052,-8,-27,8
mmu,1252,896,16070,-7,-26,7
mmu,1332,834,16138,-8,-27,8
mmu,1294,898,16194,-8,-28,8
mmu,1280,890,16102,-8,-27,7
mmu,1206,834,16150,-7,-28,8
mmu,1338,902,16092,-7,-27,8
mmu,1296,850,16042,-8,-27,7
mmu,1322,952,16156,-7,-29,7
mmu,1292,866,16146,-11,-25,7
mmu,1304,868,16082,-6,-27,8
mmu,1334,872,16180,-8,-27,7
mmu,1276,948,16202,-8,-27,8
mmu,1304,944,16098,-8,-27,8
mmu,1282,860,16076,-8,-27,8
mmu,1316,896,16162,-6,-27,7
mmu,1250,932,16162,-8,-27,7
mmu,1298,898,16164,-9,-26,8
mmu,1350,942,16046,-8,-28,7
mmu,1330,940,16158,-7,-27,8
mmu,1246,848,16114,-8,-27,7
mmu,1310,916,16178,-9,-28,8
mmu,1248,882,16118,-8,-26,7
mmu,1232,934,16086,-8,-28,8
mmu,1232,846,16094,-7,-28,7
mmu,1268,834,16112,-9,-27,7
mmu,1226,820,16138,-9,-26,7
mmu,1320,916,16186,-6,-27,8
mmu,1244,932,16146,-7,-28,7
mmu,1312,918,16156,-8,-26,7
mmu,1302,908,16106,-8,-26,9
mmu,1256,878,16048,-8,-28,7
mmu,1272,902,16128,-9,-27,6
mmu,1292,888,16092,-7,-28,7
mmu,1334,948,16104,-8,-27,8
mmu,1226,878,16168,-8,-27,8
mmu,1320,910,16184,-9,-26,8
mmu,1328,914,16126,-9,-26,7
mmu,1310,892,16208,-7,-27,8
mmu,1238,906,16148,-8,-26,6
mmu,1288,984,16106,-7,-27,8
mmu,1338,978,16154,-8,-27,7
mmu,1236,946,16134,-7,-27,7
mmu,1262,884,16136,-8,-27,8
mmu,1316,900,16088,-7,-27,7
mmu,1268,880,16060,-8,-28,8
mmu,1302,910,16146,-8,-27,7
mmu,1256,934,16078,-8,-28,7
mmu,1288,892,16220,-8,-28,7
mmu,1328,918,16192,-8,-27,7
mmu,1322,932,16160,-7,-28,8
mmu,1314,866,16128,-8,-26,7
mmu,1314,856,16148,-9,-27,8
mmu,1308,908,16216,-7,-27,7
mmu,1276,914,16114,-8,-26,7
mmu,1318,890,16100,-8,-26,8
mmu,1342,914,16256,-8,-27,8
mmu,1332,928,16062,-8,-28,8
mmu,1304,892,16132,-9,-27,7
mmu,1226,940,16108,-7,-26,8
mmu,1294,882,16152,-8,-27,8
mmu,1292,890,16122,-8,-28,8
mmu,1328,902,16216,-8,-27,7
mmu,1346,938,16130,-9,-28,8
mmu,1284,866,16152,-8,-27,6
mmu,1236,912,16150,-8,-26,7
mmu,1332,932,16094,-8,-27,6
mmu,1358,880,16188,-8,-27,7
mmu,1228,962,16120,-8,-28,7
mmu,1264,892,16108,-8,-27,7
mmu,1252,874,16120,-9,-28,8
mmu,1298,910,16096,-8,-27,8
mmu,1244,890,16158,-7,-27,8
mmu,1366,912,16114,-7,-27,8
mmu,1290,926,16136,-9,-27,7
mmu,1296,854,16134,-9,-26,7
mmu,1292,896,16088,-8,-26,7
mmu,1274,866,16130,-8,-28,7
mmu,1266,880,16166,-8,-26,8
mmu,1254,884,16126,-7,-27,8
mmu,1232,922,16076,-8,-26,7
mmu,1300,892,16114,-9,-27,7
mmu,1270,892,16108,-7,-28,7
mmu,1310,910,16052,-7,-26,8
mmu,1278,904,16132,-9,-26,9
mmu,1280,936,16118,-8,-28,7
mmu,1260,872,16220,-8,-26,9
mmu,1308,892,16188,-7,-26,7
mmu,1272,914,16108,-8,-26,8
mmu,1232,870,16138,-8,-27,7
mmu,1324,856,16118,-7,-27,7
mmu,1336,920,16136,-8,-27,7
mmu,1364,878,16158,-8,-28,7
mmu,1294,880,16130,-8,-26,7
mmu,1280,858,16066,-9,-28,7
mmu,1266,890,16178,-7,-27,7
mmu,1316,918,16078,-8,-27,7
mmu,1292,886,16216,-9,-29,8
mmu,1226,920,16112,-9,-27,8
mmu,1258,934,16124,-7,-27,7
mmu,1250,888,16096,-7,-27,8
mmu,1304,930,16190,-8,-26,8
mmu,1282,866,16096,-7,-28,7
mmu,1290,920,16058,-8,-29,8
mmu,1348,914,16202,-8,-28,7
mmu,1286,892,16148,-7,-26,7
mmu,1264,888,16138,-8,-28,7
mmu,1310,880,16178,-8,-28,7
mmu,1254,904,16108,-9,-26,7
mmu,1364,774,16100,-6,-26,8
mmu,1298,916,16086,-8,-27,8
mmu,1330,860,16088,-8,-28,8
mmu,1262,824,16172,-8,-27,8
mmu,1334,892,16062,-6,-26,8
mmu,1318,926,16096,-7,-28,7
mmu,1346,922,16050,-7,-28,8
mmu,1314,856,16104,-8,-26,7
mmu,1372,894,16112,-9,-27,7
mmu,1276,896,16168,-7,-27,7
mmu,1286,920,16122,-8,-26,8
mmu,1284,886,16060,-8,-26,7
mmu,1318,874,16078,-7,-27,7
mmu,1296,950,16076,-7,-27,8
mmu,1254,922,16046,-8,-27,7
mmu,1224,910,16108,-9,-26,7
mmu,1316,914,16144,-8,-26,8
mmu,1260,900,16172,-8,-28,7
mmu,1260,936,16100,-7,-26,7
mmu,1306,832,16066,-8,-26,7
mmu,1238,860,16082,-7,-27,7
mmu,1300,934,16050,-9,-29,7
mmu,1264,880,16126,-8,-26,7
mmu,1300,888,16130,-9,-28,7
mmu,1246,924,16012,-7,-28,7
mmu,1248,870,16134,-8,-27,9
mmu,1288,926,16178,-9,-28,8
mmu,1246,896,16140,-8,-28,7
mmu,1434,1014,16176,-3,-31,8
mmu,1314,904,16038,-6,-29,7
mmu,1198,898,16166,-8,-26,8
mmu,1264,892,16148,-8,-26,8
mmu,1338,836,16208,-7,-27,7
mmu,1308,900,16104,-8,-26,7
mmu,1364,884,16058,-7,-26,8
mmu,1314,946,16076,-7,-27,8
mmu,1236,932,16040,-8,-27,7
mmu,1232,892,16090,-9,-27,8
mmu,1218,820,16140,-8,-26,7
mmu,1272,892,16102,-7,-27,8
mmu,1322,858,16120,-8,-27,8
mmu,1314,910,16082,-7,-27,8
mmu,1246,914,16082,-8,-26,7
mmu,1284,830,16102,-9,-27,7
mmu,1286,864,16034,-8,-26,7
mmu,1368,904,16170,-8,-27,8
mmu,1344,942,16112,-8,-27,7
mmu,1276,920,16074,-8,-26,7
mmu,1276,874,16096,-8,-28,8
mmu,1274,870,16140,-8,-27,7
mmu,1284,858,16068,-7,-28,7
mmu,1228,872,16158,-8,-27,8
mmu,1248,940,16118,-8,-26,8
mmu,1272,868,16154,-8,-27,7
mmu,1186,850,16088,-8,-28,7
mmu,1268,890,16256,-8,-26,7
mmu,1334,948,16068,-8,-27,9
mmu,1254,918,16050,-7,-27,8
mmu,1344,882,16130,-8,-28,7
mmu,1310,882,16260,-8,-27,7
mmu,1312,942,16230,-6,-27,8
mmu,1344,934,16104,-7,-28,7
mmu,1286,978,16054,-8,-28,7
mmu,1258,910,16082,-9,-27,7
mmu,1322,914,16186,-9,-28,7
mmu,1190,928,16144,-8,-27,8
mmu,1284,868,16086,-8,-29,8
mmu,1274,912,16092,-9,-27,8
mmu,1432,978,16286,-3,-31,7
mmu,1226,888,16144,-7,-28,6
mmu,1244,896,16162,-7,-26,7
mmu,1284,856,16094,-8,-26,9
mmu,1360,902,16078,-9,-28,8
mmu,1212,916,16098,-7,-27,7
mmu,1344,922,16208,-8,-26,8
mmu,1328,880,16138,-7,-27,7
mmu,1342,866,16076,-8,-28,7
mmu,1258,924,16152,-8,-27,7
mmu,1310,902,16198,-7,-27,7
mmu,1310,926,16120,-8,-26,7
mmu,1330,932,16062,-8,-27,8
mmu,1228,898,16086,-8,-28,6
mmu,1312,890,16058,-8,-27,7
mmu,1290,876,16090,-8,-26,7
mmu,1282,868,16148,-8,-27,7
mmu,1312,862,16064,-10,-26,7
mmu,1336,886,16086,-7,-27,7
mmu,1282,890,16140,-9,-27,8
mmu,1204,904,16148,-8,-28,8
mmu,1326,854,16106,-8,-27,7
mmu,1262,896,16148,-8,-27,7
mmu,1292,872,15970,-8,-27,8
mmu,1274,934,16206,-8,-27,8
mmu,1318,926,16140,-8,-27,7
mmu,1300,850,16070,-8,-28,8
mmu,1304,870,16116,-8,-26,7
mmu,1318,892,16140,-9,-26,7
mmu,1252,872,16074,-8,-27,8
mmu,1290,884,16100,-8,-27,7
mmu,1280,882,16092,-8,-28,7
mmu,1210,910,16094,-7,-27,8
mmu,1274,846,16128,-8,-27,7
mmu,1318,910,16170,-8,-28,7
mmu,1328,876,16062,-8,-27,7
mmu,1282,840,16114,-9,-28,7
mmu,1314,910,16058,-7,-26,7
mmu,1248,910,16100,-8,-27,7
mmu,1284,860,16064,-7,-28,7
mmu,1298,918,16150,-7,-27,7
mmu,1262,902,16048,-7,-27,6
mmu,1284,860,16126,-8,-26,8
mmu,1234,916,16050,-12,-20,7
mmu,1312,988,16186,-7,-29,6
mmu,1318,926,16150,-6,-29,7
mmu,1230,892,16044,-9,-27,8
mmu,1322,926,16038,-8,-27,8
mmu,1250,902,16148,-8,-28,7
mmu,1214,878,16122,-8,-27,8
mmu,1270,894,16128,-7,-28,7
mmu,1326,834,16140,-9,-26,8
mmu,1268,854,16126,-7,-28,8
mmu,1204,902,16034,-8,-28,8
mmu,1348,894,16180,-8,-25,8
mmu,1246,858,16110,-10,-26,7
mmu,1320,1000,16158,-1,-32,5
mmu,1264,862,16152,-7,-27,6
mmu,1268,864,16138,-10,-26,7
mmu,1216,892,16130,-7,-27,7
mmu,1284,930,16130,-8,-28,8
mmu,1250,834,16086,-8,-26,7
mmu,1350,904,16158,-9,-27,7
mmu,1272,898,16142,-7,-26,8
mmu,1236,1000,16046,-10,-27,8
mmu,1296,856,16168,-8,-26,8
mmu,1220,962,15996,-8,-27,7
mmu,1290,840,16146,-9,-26,7
mmu,1202,850,16094,-7,-29,7
mmu,1218,864,16052,-9,-25,7
mmu,1226,848,16192,-9,-27,8
mmu,1260,926,16198,-8,-27,7
mmu,1266,1000,16150,-5,-28,8
mmu,1224,910,16028,-8,-27,7
mmu,1256,906,16160,-8,-26,7
mmu,1232,848,16090,-10,-26,6
mmu,1288,942,16152,-8,-27,8
mmu,1342,1000,16136,-6,-30,8
mmu,1330,874,16140,-8,-26,8
mmu,1274,892,16132,-9,-26,8
mmu,1234,896,16164,-8,-26,7
mmu,1198,820,16074,-11,-23,7
mmu,1226,910,16134,-9,-26,7
mmu,1328,918,16106,-8,-27,8
mmu,1300,892,16118,-9,-26,7
mmu,1336,918,16178,-8,-26,8
mmu,1268,888,16170,-7,-26,8
mmu,1312,886,16134,-9,-27,7
mmu,1302,864,16176,-8,-29,7
mmu,1252,862,16130,-9,-26,7
mmu,1284,842,16134,-9,-26,8
mmu,1286,800,16120,-9,-26,8
mmu,1514,1086,16292,-32,-1,8
mmu,1396,1048,16408,-109,78,10
mmu,-906,-438,10714,-142,92,6
mmu,880,788,16422,4,-27,4
mmu,1136,732,16020,-16,-24,-11
mmu,992,602,15832,46,-85,6
mmu,1100,694,15846,150,-193,3
mmu,742,310,14432,7,-51,7
mmu,1752,1746,16550,17,-45,7
mmu,1262,822,16096,-13,-22,6
mmu,1204,884,16070,-7,-29,7
mmu,1272,898,16112,-7,-26,7
mmu,1260,910,16118,-8,-27,6
mmu,1278,908,16142,-9,-26,8
mmu,1462,1040,16468,-38,5,9
mmu,1474,1014,16442,-132,101,11
mmu,168,-1170,13674,-24,-22,8
mmu,1484,1050,16770,-10,-25,6
mmu,952,660,15696,-17,-21,5
mmu,1246,892,16712,-22,-8,-70
mmu,1620,-50,18866,-1,408,-58
mmu,2256,-62,20048,25,899,32
mmu,1438,-694,21228,49,1483,161
mmu,876,-920,21140,59,2297,323
mmu,-862,-234,19090,4,3084,583
mmu,-2102,268,16026,-149,3801,740
mmu,-4464,1148,12350,-300,3922,833
mmu,-5894,3918,12926,-385,3809,805
mmu,-7248,3630,6552,-134,3274,282
mmu,-10202,2964,5062,39,1949,4
mmu,-12542,812,7500,-224,383,197
mmu,-12418,770,13178,-305,498,282
mmu,-11832,52,13730,-239,1151,216
mmu,-12698,3036,6112,-383,2244,225
mmu,-13974,1318,7370,-16,2027,4
mmu,-12318,544,5440,165,2990,-106
mmu,-14694,-48,2614,387,3000,-169
mmu,-15288,2080,220,697,2627,-177
mmu,-17816,1688,-4608,512,1313,-206
mmu,-17638,1044,-5036,84,498,-69
mmu,-17072,1082,-3388,-81,-998,155
mmu,-15674,-2152,862,-174,-1022,140
mmu,-14636,3032,3858,-353,-726,76
mmu,-15202,-700,5358,-504,-203,95
mmu,-17396,-156,26,-375,8,66
mmu,-16322,1054,1758,-126,-41,24
mmu,-16116,1356,2052,-34,-69,13
mmu,-16214,1234,2036,-7,-39,7
mmu,-16162,1336,2154,-4,-55,7
mmu,-16300,1238,1840,-2,-28,6
mmu,-16146,1270,2214,-6,-29,7
mmu,-16188,1224,2128,-5,-36,7
mmu,-16214,1234,1936,-4,-59,7
mmu,-16206,1236,1994,-10,-73,8
mmu,-16208,1274,1974,-12,-105,10
mmu,-16284,1256,1834,-11,-133,10
mmu,-16344,1218,1900,4,-212,9
mmu,-16280,1232,2204,3,-274,11
mmu,-16088,1254,2454,-11,-289,15
mmu,-15990,1294,2936,-24,-276,16
mmu,-15746,1222,3718,-19,-210,13
mmu,-15318,1234,4870,-114,383,17
mmu,-15360,1684,4548,-164,733,20
mmu,-17142,1868,-816,-15,801,-115
mmu,-16994,1046,-820,6,412,-63
mmu,-16936,850,-770,-8,-135,23
mmu,-16700,952,-110,-28,-460,76
mmu,-16420,1086,856,-43,-700,114
mmu,-15214,1204,5360,-28,-387,21
mmu,-15258,1302,5222,-5,46,6
mmu,-18590,2018,-1884,30,537,-51
mmu,-16884,942,-648,-46,6,5
mmu,-16736,1616,456,-110,-289,57
mmu,-15010,1450,5308,-101,-238,31
mmu,-16568,896,1120,2,110,-5
mmu,-15910,1262,3126,-11,-72,10
mmu,-16328,1222,1590,-5,0,5
mmu,-15956,1332,2776,-10,-58,9
mmu,-16278,1196,2020,-9,-47,9
mmu,-16064,1250,2410,-6,-16,7
mmu,-16238,1244,2054,-9,-37,8
mmu,-16086,1242,2396,-7,-23,7
mmu,-16140,1278,2258,-8,-36,8
mmu,-16182,1190,2066,-7,-22,6
mmu,-16178,1214,2396,-9,-32,7
mmu,-16248,1244,2194,-7,-31,9
mmu,-16166,1198,2308,-8,-34,7
mmu,-16114,1210,2312,-7,-19,6
mmu,-16192,1268,2194,-8,-42,7
mmu,-16408,1150,1494,-5,32,3
mmu,-16086,1294,2540,-8,-72,10
mmu,-16046,1378,2644,-6,6,5
mmu,-15950,1252,2720,-9,-50,9
mmu,-16260,1204,1882,-6,4,4
mmu,-16062,1268,2534,-10,-46,10
mmu,-16252,1256,2090,-7,-11,5
mmu,-16128,1226,2404,-9,-42,9
mmu,-16252,1246,1978,-9,-27,7
mmu,-16102,1276,2412,-8,-24,8
mmu,-16246,1248,2040,-8,-33,7
mmu,-16180,1250,2452,-8,-21,6
mmu,-16244,1260,2034,-9,-28,9
mmu,-16118,1256,2268,-9,-23,7
mmu,-16192,1252,2178,-8,-29,7
mmu,-16092,1284,2306,-7,-24,5
mmu,-16160,1250,2300,-8,-32,7
mmu,-16176,1194,2102,-7,-20,8
mmu,-16198,1250,2326,-9,-32,8
mmu,-16210,1262,2190,-8,-22,7
mmu,-16156,1244,2236,-8,-28,7
mmu,-16198,1276,2156,-9,-29,8
mmu,-16200,1242,2112,-8,-30,8
mmu,-16156,1288,2322,-7,-25,7
mmu,-16212,1282,2236,-8,-27,7
mmu,-16138,1264,2272,-8,-28,7
mmu,-16174,1264,2242,-8,-27,7
mmu,-16126,1240,2278,-9,-25,9
mmu,-16212,1240,2158,-8,-26,7
mmu,-16220,1270,2242,-8,-29,7
mmu,-16144,1182,2266,-8,-24,6
mmu,-16166,1284,2302,-8,-26,6
mmu,-16230,1230,2138,-8,-28,7
mmu,-16206,1224,2408,-6,-33,7
mmu,-16206,1258,2176,-9,-22,8
mmu,-16154,1234,2400,-8,-28,8
mmu,-16198,1232,2230,-7,-28,8
mmu,-16194,1236,2242,-8,-24,7
mmu,-16188,1280,2248,-9,-30,7
mmu,-16172,1228,2206,-8,-27,8
mmu,-16188,1260,2214,-7,-29,6
mmu,-16156,1214,2192,-7,-24,6
mmu,-16166,1262,2206,-8,-27,7
mmu,-16222,1276,2218,-8,-26,7
mmu,-16192,1234,2196,-8,-25,7
mmu,-16200,1330,2236,-9,-27,7
mmu,-16174,1270,2080,-8,-26,7
mmu,-16152,1242,2256,-7,-24,7
mmu,-16112,1282,2366,-8,-32,8
mmu,-16140,1214,2136,-9,-28,8
mmu,-16146,1230,2334,-7,-25,7
mmu,-16216,1250,2020,-9,-28,8
mmu,-16092,1250,2512,-9,-33,8
mmu,-16228,1260,2040,-7,-20,8
mmu,-16212,1236,2306,-7,-21,7
mmu,-16150,1290,2156,-8,-29,7
mmu,-16150,1302,2262,-9,-27,7
mmu,-16190,1260,2194,-7,-26,7
mmu,-16186,1270,2270,-7,-27,6
mmu,-16206,1230,2198,-9,-30,8
mmu,-16208,1298,2224,-9,-25,8
mmu,-16170,1252,2168,-8,-28,8
mmu,-16092,1268,2278,-7,-24,6
mmu,-16128,1220,2094,-7,-29,8
mmu,-16194,1188,2136,-8,-24,8
mmu,-16182,1228,2250,-9,-29,8
mmu,-16130,1276,2220,-7,-24,6
mmu,-16154,1238,2232,-8,-28,9
mmu,-16152,1296,2276,-7,-24,7
mmu,-16122,1284,2282,-9,-35,9
mmu,-16198,1306,2184,-7,-18,6
mmu,-16148,1220,2236,-8,-32,8
mmu,-16238,1262,2070,-8,-22,6
mmu,-16118,1244,2246,-8,-24,7
mmu,-16174,1290,2220,-9,-26,7
mmu,-16196,1238,2072,-7,-24,7
mmu,-16082,1194,2360,-9,-32,8
mmu,-16238,1210,2040,-8,-24,7
mmu,-16142,1264,2196,-8,-22,7
mmu,-16188,1222,2338,-7,-31,7
mmu,-16162,1288,2212,-8,-24,7
mmu,-16184,1280,2132,-8,-27,7
mmu,-16100,1246,2380,-8,-27,8
mmu,-16192,1276,2312,-8,-31,8
mmu,-16174,1258,2350,-8,-22,6
mmu,-16234,1274,2218,-9,-31,9
mmu,-16182,1282,2106,-7,-26,7
mmu,-16262,1274,2244,-7,-18,7
mmu,-16196,1306,2170,-8,-35,8
mmu,-16146,1294,2242,-8,-21,7
mmu,-16128,1254,2252,-9,-33,7
mmu,-16216,1174,2262,-6,-21,7
mmu,-16142,1284,2292,-7,-33,8
mmu,-16180,1300,2168,-7,-20,7
mmu,-16146,1274,2342,-9,-32,7
mmu,-16144,1210,2264,-7,-22,6
mmu,-16164,1262,2226,-8,-31,8
mmu,-16204,1258,2168,-8,-27,7
mmu,-16214,1244,2370,-8,-28,8
mmu,-16158,1280,2216,-9,-25,6
mmu,-16170,1240,2260,-8,-29,6
mmu,-16154,1258,2256,-7,-28,7
mmu,-16256,1258,2302,-8,-25,7
mmu,-16164,1174,2224,-9,-26,8
mmu,-16098,1240,2304,-9,-30,8
mmu,-16194,1314,2060,-8,-26,7
mmu,-16200,1240,2222,-7,-24,7
mmu,-16108,1242,2190,-8,-29,7
mmu,-16186,1238,2212,-8,-26,8
mmu,-16182,1292,2358,-8,-28,7
mmu,-16194,1250,2302,-8,-26,7
mmu,-16140,1228,2322,-8,-28,7
mmu,-16136,1174,2232,-8,-26,7
mmu,-16112,1254,2238,-8,-27,6
mmu,-16210,1232,2142,-8,-26,7
mmu,-16110,1258,2264,-8,-26,8
mmu,-16242,1212,2156,-8,-27,7
mmu,-16126,1246,2326,-7,-27,7
mmu,-16210,1258,2268,-8,-28,8
mmu,-16218,1266,2298,-7,-27,6
mmu,-16128,1210,2230,-8,-26,8
mmu,-16140,1214,2314,-8,-26,7
mmu,-16142,1258,2298,-8,-28,8
mmu,-16102,1262,2240,-7,-27,7
mmu,-16194,1224,2178,-9,-28,8
mmu,-16140,1212,2242,-9,-27,7
mmu,-16186,1260,2236,-7,-27,7
mmu,-16070,1240,2284,-8,-27,8
mmu,-16154,1228,2208,-9,-27,7
mmu,-16198,1302,2220,-8,-27,7
mmu,-16152,1294,2228,-7,-26,7
mmu,-16204,1246,2202,-9,-28,7
mmu,-16110,1268,2178,-7,-27,7
mmu,-16166,1234,2238,-8,-28,7
mmu,-16162,1220,2330,-8,-27,8
mmu,-16166,1256,2182,-9,-28,7
mmu,-16210,1286,2208,-8,-26,7
mmu,-16146,1250,2222,-8,-27,7
mmu,-16144,1298,2164,-7,-27,7
mmu,-16160,1272,2274,-7,-27,7
mmu,-16160,1236,2196,-8,-27,7
mmu,-16220,1318,2196,-8,-27,8
mmu,-16214,1238,2182,-7,-27,7
mmu,-16150,1256,2234,-9,-27,7
mmu,-16148,1326,2272,-8,-27,7
mmu,-16136,1258,2270,-9,-27,7
mmu,-16124,1230,2318,-8,-28,6
mmu,-16172,1258,2226,-9,-27,8
mmu,-16172,1228,2270,-8,-26,6
mmu,-16204,1282,2326,-7,-27,7
mmu,-16156,1246,2150,-8,-25,8
mmu,-16170,1264,2262,-8,-27,8
mmu,-16214,1186,2294,-8,-27,7
mmu,-16162,1316,2166,-7,-26,6
mmu,-16180,1250,2156,-9,-27,7
mmu,-16216,1178,2268,-8,-27,7
mmu,-16192,1240,2224,-9,-28,8
mmu,-16184,1260,2258,-7,-27,7
mmu,-16202,1262,2170,-9,-26,7
mmu,-16230,1272,2230,-8,-28,7
mmu,-16218,1282,2210,-8,-28,6
mmu,-16198,1236,2318,-8,-29,7
mmu,-16188,1314,2176,-7,-26,7
mmu,-16134,1284,2238,-8,-27,8
mmu,-16224,1188,2194,-9,-28,8
mmu,-16230,1200,2240,-9,-25,7
mmu,-16212,1272,2268,-8,-26,8
mmu,-16194,1212,2282,-9,-27,7
mmu,-16146,1258,2194,-8,-27,7
mmu,-16172,1264,2238,-8,-25,8
mmu,-16198,1238,2246,-7,-27,7
mmu,-16148,1218,2258,-8,-27,8
mmu,-16216,1256,2258,-8,-27,8
mmu,-16140,1206,2180,-9,-28,7
mmu,-16134,1202,2142,-9,-27,8
mmu,-16206,1288,2206,-9,-26,7
mmu,-16098,1296,2220,-8,-27,6
mmu,-16178,1252,2178,-9,-27,8
mmu,-16212,1226,2232,-9,-28,7
mmu,-16170,1230,2258,-9,-27,6
mmu,-16196,1188,2192,-8,-26,8
mmu,-16216,1270,2224,-8,-28,8
mmu,-16190,1292,2254,-8,-28,6
mmu,-16162,1214,2218,-9,-27,7
mmu,-16200,1244,2166,-7,-27,8
mmu,-16178,1262,2224,-7,-26,8
mmu,-16102,1226,2176,-8,-27,8
mmu,-16136,1282,2150,-7,-28,7
mmu,-16090,1354,2188,-8,-27,7
mmu,-16192,1264,2236,-7,-26,7
mmu,-16142,1266,2274,-7,-29,8
mmu,-16210,1262,2232,-8,-26,7
mmu,-16220,1260,2224,-8,-28,7
mmu,-16192,1220,2220,-7,-26,7
mmu,-16192,1232,2230,-8,-28,7
mmu,-16190,1284,2210,-7,-27,7
mmu,-16220,1278,2260,-8,-27,7
mmu,-16184,1276,2246,-8,-27,7
mmu,-16162,1246,2202,-8,-28,8
mmu,-16200,1328,2210,-8,-26,7
mmu,-16134,1306,2274,-8,-29,9
mmu,-16174,1332,2212,-7,-27,7
mmu,-16132,1260,2200,-9,-28,7
mmu,-16160,1312,2236,-8,-26,8
mmu,-16182,1254,2248,-8,-27,7
mmu,-16184,1248,2272,-9,-28,8
mmu,-16152,1204,2280,-8,-26,7
mmu,-16184,1284,2188,-7,-27,8
mmu,-16206,1326,2266,-8,-25,8
mmu,-16180,1234,2238,-8,-27,7
mmu,-16120,1164,2214,-8,-25,7
mmu,-16176,1220,2220,-7,-29,7
mmu,-16132,1216,2234,-8,-24,7
mmu,-16140,1214,2250,-7,-28,7
mmu,-16188,1246,2256,-8,-26,7
mmu,-16184,1236,2298,-8,-26,7
mmu,-16212,1282,2212,-8,-28,8
mmu,-16170,1238,2292,-7,-27,8
mmu,-16172,1276,2204,-8,-28,7
mmu,-16150,1288,2226,-8,-26,7
mmu,-16210,1218,2218,-9,-29,7
mmu,-16116,1258,2346,-7,-27,7
mmu,-16186,1280,2220,-7,-27,7
mmu,-16178,1268,2304,-8,-26,7
mmu,-16158,1308,2224,-8,-29,7
mmu,-16172,1240,2172,-7,-26,8
mmu,-16204,1274,2304,-8,-27,7
mmu,-16112,1270,2126,-9,-27,7
mmu,-16172,1274,2234,-8,-29,7
mmu,-16188,1284,2258,-8,-26,8
mmu,-16194,1254,2160,-8,-27,8
mmu,-16166,1252,2254,-8,-28,7
mmu,-16136,1310,2212,-9,-27,8
mmu,-16206,1152,2188,-8,-26,8
mmu,-16146,1212,2244,-8,-26,8
mmu,-16156,1272,2132,-9,-26,7
mmu,-16184,1224,2304,-9,-26,7
mmu,-16156,1244,2192,-8,-27,8
mmu,-16190,1242,2256,-8,-26,7
mmu,-16170,1272,2196,-9,-27,7
mmu,-16210,1216,2178,-8,-26,8
mmu,-16156,1196,2278,-8,-27,8
mmu,-16184,1296,2272,-8,-26,7
mmu,-16142,1256,2234,-8,-27,7
mmu,-16172,1250,2228,-9,-28,7
mmu,-16224,1258,2232,-8,-27,8
mmu,-16116,1254,2246,-8,-26,8
mmu,-16174,1254,2230,-8,-26,8
mmu,-16138,1216,2286,-9,-27,8
mmu,-16230,1262,2212,-8,-27,6
mmu,-16152,1226,2248,-8,-27,7
mmu,-16132,1276,2256,-8,-26,9
mmu,-16186,1268,2212,-8,-26,8
mmu,-16178,1302,2198,-8,-28,7
mmu,-16192,1216,2232,-8,-27,7
mmu,-16124,1232,2238,-8,-26,8
mmu,-16162,1214,2222,-7,-29,8
mmu,-16166,1224,2242,-8,-26,8
mmu,-16156,1188,2196,-8,-27,7
mmu,-16224,1244,2246,-8,-29,8
mmu,-16190,1254,2252,-9,-28,7
mmu,-16112,1218,2210,-7,-26,8
mmu,-16186,1222,2340,-7,-27,7
mmu,-16122,1238,2192,-9,-35,8
mmu,-16142,1274,2292,-8,-24,6
mmu,-16160,1270,2298,-8,-31,9
mmu,-16172,1226,2150,-7,-22,6
mmu,-16156,1274,2326,-9,-29,8
mmu,-16176,1230,2148,-9,-30,8
mmu,-16146,1328,2320,-7,-29,7
mmu,-16086,1224,2256,-7,-25,7
mmu,-16182,1246,2330,-8,-27,7
mmu,-16182,1246,2144,-7,-20,7
mmu,-16112,1232,2394,-8,-28,7
mmu,-16200,1282,2088,-6,-27,8
mmu,-16186,1216,2332,-8,-28,8
mmu,-16164,1278,2144,-8,-27,7
mmu,-16142,1256,2236,-8,-27,8
mmu,-16274,1268,2220,-9,-29,8
mmu,-16160,1240,2172,-8,-27,8
mmu,-16230,1290,2150,-8,-26,7
mmu,-16136,1262,2186,-9,-29,8
mmu,-16208,1242,2186,-9,-25,6
mmu,-16134,1312,2244,-9,-29,7
mmu,-16192,1232,2156,-9,-27,8
mmu,-16168,1186,2212,-9,-27,8
mmu,-16106,1208,2256,-8,-27,7
mmu,-16190,1250,2328,-8,-27,7
mmu,-16250,1258,2244,-8,-28,8
mmu,-16172,1266,2256,-7,-28,7
mmu,-16182,1246,2186,-7,-27,7
mmu,-16170,1266,2224,-8,-27,8
mmu,-16228,1228,2214,-8,-28,8
mmu,-16168,1264,2232,-8,-26,7
mmu,-16194,1278,2196,-8,-27,8
mmu,-16070,1226,2208,-9,-25,9
mmu,-16170,1252,2244,-8,-26,7
mmu,-16132,1212,2168,-8,-27,8
mmu,-16202,1294,2218,-7,-27,8
mmu,-16168,1262,2244,-8,-27,7
mmu,-16192,1256,2286,-8,-28,7
mmu,-16162,1190,2146,-7,-27,8
mmu,-16152,1246,2356,-9,-30,7
mmu,-16168,1240,2276,-8,-29,8
mmu,-16112,1270,2222,-8,-29,8
mmu,-16210,1250,2218,-8,-28,8
mmu,-16112,1274,2288,-9,-30,8
mmu,-16188,1252,2234,-8,-26,7
mmu,-16176,1260,2238,-8,-29,8
mmu,-16158,1260,2224,-8,-26,8
mmu,-16012,1232,2792,-8,-13,7
mmu,-16322,1224,1942,-12,-106,13
mmu,-15868,1436,3402,-6,12,5
mmu,-16612,1210,696,-8,-37,9
mmu,-15762,1300,3512,-8,-43,8
mmu,-16480,1396,1126,-1,17,4
mmu,-15896,1314,3236,-8,-16,6
mmu,-16468,1064,1268,-10,-12,6
mmu,-15998,1318,2934,-7,-42,8
mmu,-16346,1142,1632,-7,-5,6
mmu,-16026,1288,2660,-9,-49,8
mmu,-16292,1254,1834,-9,-33,8
mmu,-16044,1292,2668,-9,-39,8
mmu,-16196,1244,1828,-8,-13,6
mmu,-16070,1256,2470,-9,-39,8
mmu,-16256,1260,2058,-8,-30,8
mmu,-16106,1248,2424,-8,-28,7
mmu,-16192,1258,1954,-7,-25,7
mmu,-16094,1280,2356,-8,-28,7
mmu,-16262,1274,1958,-7,-22,6
mmu,-16094,1238,2310,-8,-18,7
mmu,-16178,1246,2158,-8,-30,8
mmu,-16158,1246,2400,-8,-22,7
mmu,-16194,1314,2118,-9,-31,7
mmu,-16156,1258,2322,-7,-25,7
mmu,-16146,1258,2268,-10,-30,8
mmu,-16184,1308,2288,-8,-26,7
mmu,-16184,1236,2252,-9,-31,7
mmu,-16242,1286,2164,-7,-22,6
mmu,-16128,1264,2272,-8,-29,8
mmu,-16210,1206,2140,-8,-25,6
mmu,-16138,1262,2232,-8,-30,7
mmu,-16264,1274,2166,-7,-24,8
mmu,-16154,1306,2318,-9,-30,7
mmu,-16146,1266,2112,-9,-28,8
mmu,-16194,1258,2244,-7,-23,7
mmu,-16224,1288,2288,-8,-23,6
mmu,-16218,1232,2210,-9,-29,8
mmu,-16196,1238,2148,-9,-28,7
mmu,-16084,1218,2298,-8,-25,7
mmu,-16204,1258,2202,-8,-24,7
mmu,-16224,1206,2264,-8,-24,7
mmu,-16220,1232,2290,-8,-27,7
mmu,-16196,1264,2160,-6,-22,7
mmu,-16150,1312,2344,-9,-26,7
mmu,-16256,1258,2178,-8,-19,6
mmu,-16156,1242,2184,-8,-27,7
mmu,-16138,1244,2278,-8,-21,6
mmu,-16112,1238,2220,-8,-22,7
mmu,-16150,1306,2068,-8,-21,6
mmu,-16180,1224,2288,-9,-27,7
mmu,-16220,1272,2108,-8,-20,7
mmu,-16230,1290,2206,-8,-32,8
mmu,-16164,1246,2122,-8,-18,5
mmu,-16104,1330,2382,-8,-37,8
mmu,-16156,1176,2274,-6,-10,5
mmu,-16162,1202,2208,-5,-23,6
mmu,-16178,1566,2514,22,22,2
mmu,-16358,1168,1494,-8,-30,7
mmu,-15952,1346,2972,-8,-39,7
mmu,-16338,1250,1650,-7,-17,5
mmu,-16126,1318,2680,-7,-37,7
mmu,-16200,1240,2220,-9,-39,8
mmu,-16194,1256,2108,-7,-21,6
mmu,-16166,1266,2140,-9,-31,7
mmu,-16224,1220,2128,-7,-22,6
mmu,-16214,1262,2154,-8,-35,7
mmu,-16236,1224,2058,-8,-31,7
mmu,-16010,1368,2482,6,-8,6
mmu,-16056,2008,2426,19,52,2
mmu,-16194,1332,2182,8,-2,4
mmu,-16238,1214,2140,8,-8,4
mmu,-16086,980,2482,10,17,2
mmu,-16224,602,1814,14,17,4
mmu,-15844,1048,4326,12,186,-6
mmu,-18152,4042,-2670,84,565,-36
mmu,-16828,1178,-480,123,110,-23
mmu,-16638,1590,74,64,-124,4
mmu,-16640,1350,534,-5,-290,45
mmu,-15564,1106,3856,-18,-207,14
mmu,-15734,1248,3072,4,144,0
mmu,-16810,1290,-624,30,19,-2
mmu,-16582,1366,214,35,13,-4
mmu,-16210,856,2280,-13,-135,13
mmu,-16610,980,444,-7,-41,9
mmu,-15938,1310,2838,-14,-35,8
mmu,-16510,1210,878,-8,-22,6
mmu,-16088,1264,2220,-8,-19,6
mmu,-16350,1198,1274,-8,-39,7
mmu,-16344,1232,1272,-8,-13,6
mmu,-16184,1248,1946,-6,-30,7
mmu,-16344,1266,1378,-7,-30,7
mmu,-16220,1264,1676,-7,-20,7
mmu,-16320,1202,1528,-8,-32,7
mmu,-16328,1198,1474,-8,-24,7
mmu,-16264,1248,1778,-8,-29,8
mmu,-16306,1216,1582,-8,-30,6
mmu,-16184,1246,1608,-8,-25,8
mmu,-16194,1288,1720,-8,-28,8
mmu,-16136,1264,1578,-9,-26,7
mmu,-16316,1254,1660,-8,-27,8
mmu,-16270,1252,1616,-8,-27,6
mmu,-16234,1230,1636,-9,-31,8
mmu,-16294,1260,1574,-8,-24,7
mmu,-16238,1256,1594,-8,-29,7
mmu,-16308,1280,1610,-8,-26,7
mmu,-16260,1264,1602,-7,-27,7
mmu,-16268,1244,1602,-8,-29,7
mmu,-16296,1254,1678,-6,-26,7
mmu,-16292,1222,1554,-8,-28,7
mmu,-16266,1208,1606,-8,-30,6
mmu,-16270,1304,1612,-8,-28,6
mmu,-16256,1254,1644,-8,-23,5
mmu,-16278,1242,1788,-10,-22,6
mmu,-16280,1256,1582,-50,-7,10
mmu,-16572,1086,940,-204,-78,40
mmu,-16460,1280,1294,-228,37,32
mmu,-16222,910,1984,-255,-45,41
mmu,-16278,1516,1526,-77,73,-1
mmu,-16356,1252,1328,-9,102,-13
mmu,-16438,1112,820,-17,47,-3
mmu,-16384,1250,888,-28,-38,13
mmu,-16354,1214,1360,-11,-90,16
mmu,-16290,1270,1390,-15,-105,19
mmu,-16282,1250,1796,-19,-57,12
mmu,-16216,1298,1966,-14,-1,4
mmu,-16460,1186,1308,-24,13,4
mmu,-17236,1964,738,-122,-123,10
mmu,-17304,1142,320,-262,-444,-241
mmu,-17260,1092,1562,-248,-665,-389
mmu,-17132,1214,888,-280,-798,-493
mmu,-16152,154,3928,-425,-814,-558
mmu,-17228,-1052,3924,-567,-612,-632
mmu,-14626,554,5282,-886,-252,-676
mmu,-16366,-2118,4244,-886,-175,-814
mmu,-16490,-2498,4438,-834,50,-956
mmu,-12870,1012,3418,-710,211,-1077
mmu,-15390,-1868,3236,-516,170,-1177
mmu,-15442,-5478,2202,-472,-69,-1186
mmu,-14368,-5720,3400,-559,-84,-1147
mmu,-12394,-4840,1412,-633,47,-1365
mmu,-17704,-12916,5600,-686,71,-1609
mmu,-23620,-18480,1822,-822,93,-1579
mmu,-11784,-6922,230,-811,105,-1350
mmu,-13902,-11712,3138,-813,147,-1265
mmu,-14210,-13898,4814,-681,322,-1184
mmu,-11594,-11110,-106,-517,216,-1108
mmu,-11646,-11334,-696,-429,130,-1111
mmu,-11324,-11570,-916,-371,-35,-1100
mmu,-10612,-12320,-804,-307,-188,-1125
mmu,-9666,-12722,-194,-256,-328,-1170
mmu,-8342,-13406,580,-268,-339,-1198
mmu,-7242,-13826,-292,-258,-390,-1209
mmu,-5766,-14142,506,-346,-326,-1253
mmu,-5330,-14418,-546,-169,-93,-1298
mmu,-4388,-13790,-1218,-259,-145,-1330
mmu,-2448,-14562,-1114,-257,-301,-1252
mmu,-3198,-15312,-1286,-317,-341,-1225
mmu,-2706,-15664,-30,-250,-460,-1216
mmu,-2806,-17630,142,-196,-409,-1086
mmu,-1762,-16728,-1066,-84,-233,-991
mmu,-988,-15654,266,-25,-56,-992
mmu,-1304,-1748,6372,342,-192,260
mmu,-52,-14028,-1822,191,-171,-33
mmu,-104,-16602,264,-74,-66,16
mmu,-1162,-15938,-706,-86,-34,31
mmu,-1030,-16238,-382,141,-45,-26
mmu,-1172,-16232,-282,129,-39,-20
mmu,-940,-16224,60,88,-44,-13
mmu,-1056,-16292,-240,87,-38,-14
mmu,-948,-16342,-40,123,-39,-19
mmu,-1164,-16340,-400,169,-35,-28
mmu,-944,-16354,744,125,-77,-4
mmu,-912,-16104,496,80,-32,0
mmu,-994,-16100,612,-2,-26,7
mmu,-942,-15994,606,-79,-25,13
mmu,-926,-16190,350,-138,-22,16
mmu,-1134,-16370,-508,-45,-26,12
mmu,-704,-16900,-454,80,-29,-10
mmu,-938,-16204,336,96,-30,-2
mmu,-926,-16228,312,67,-29,0
mmu,-1012,-16206,380,35,-29,5
mmu,-952,-16214,336,-46,-27,10
mmu,-1026,-16254,346,-70,-26,11
mmu,-1000,-16192,228,-94,-22,14
mmu,-1130,-16466,-420,-44,-26,12
mmu,-1008,-16286,66,62,-27,0
mmu,-1022,-16178,240,51,-28,2
mmu,-996,-16184,164,35,-26,4
mmu,-1062,-16184,292,23,-28,4
mmu,-1004,-16176,334,3,-27,6
mmu,-1056,-16164,226,-14,-26,8
mmu,-996,-16236,266,-31,-26,9
mmu,-992,-16188,308,-46,-26,9
mmu,-1064,-16266,154,-71,-24,12
mmu,-1032,-16376,-114,-78,-26,14
mmu,-1068,-16448,-274,12,-26,4
mmu,-926,-16242,328,41,-29,3
mmu,-1006,-16176,338,13,-28,6
mmu,-1068,-16372,-106,-35,-26,9
mmu,-984,-16200,78,22,-27,3
mmu,-1010,-16166,254,-7,-27,7
mmu,-996,-16256,122,-32,-27,10
mmu,-1008,-16292,-62,-14,-26,8
mmu,-1014,-16218,156,8,-27,5
mmu,-990,-16118,202,-7,-28,8
mmu,-944,-16282,-28,-17,-27,8
mmu,-1060,-16194,138,3,-27,5
mmu,-1004,-16190,152,-6,-27,7
mmu,-1000,-16224,150,-16,-26,8
mmu,-1006,-16190,144,-8,-26,6
mmu,-984,-16212,202,-9,-27,6
mmu,-990,-16270,138,-17,-27,7
mmu,-976,-16234,46,-6,-27,6
mmu,-1066,-16250,204,-2,-25,6
mmu,-1002,-16136,188,-12,-27,6
mmu,-1068,-16176,78,-12,-29,6
mmu,-998,-16260,96,-8,-26,6
mmu,-950,-16202,184,-7,-26,8
mmu,-988,-16206,102,-16,-28,7
mmu,-1034,-16254,48,-2,-27,6
mmu,-1052,-16222,198,-4,-28,7
mmu,-996,-16240,82,-13,-26,8
mmu,-1050,-16222,186,-6,-27,6
mmu,-1018,-16210,208,-6,-26,7
mmu,-1002,-16220,128,-11,-26,8
mmu,-1054,-16210,136,-6,-27,7
mmu,-1034,-16190,160,-7,-28,6
mmu,-1036,-16228,44,-9,-26,7
mmu,-960,-16216,112,-8,-27,8
mmu,-954,-16252,86,-8,-27,7
mmu,-1020,-16212,50,-10,-27,7
mmu,-1026,-16252,208,-6,-25,7
mmu,-952,-16216,88,-6,-27,7
mmu,-1008,-16194,146,-8,-26,6
mmu,-1048,-16214,116,-8,-26,6
mmu,-1002,-16230,116,-7,-27,7
mmu,-960,-16188,270,-8,-27,7
mmu,-1024,-16244,232,-8,-26,7
mmu,-1000,-16272,100,-7,-28,7
mmu,-1038,-16196,162,-9,-25,7
mmu,-1006,-16238,108,-8,-26,6
mmu,-1000,-16212,124,-6,-26,6
mmu,-996,-16226,202,-8,-29,6
mmu,-958,-16244,146,-8,-26,7
mmu,-996,-16160,116,-7,-27,7
mmu,-1010,-16188,154,-9,-25,7
mmu,-1014,-16216,194,-8,-27,7
mmu,-1008,-16272,120,-7,-27,7
mmu,-1038,-16238,52,-8,-28,6
mmu,-1018,-16184,132,-9,-28,7
mmu,-946,-16264,88,-9,-27,6
mmu,-1008,-16272,162,-8,-27,6
mmu,-998,-16244,116,-8,-27,6
mmu,-1044,-16192,116,-8,-26,7
mmu,-1002,-16196,160,-7,-27,7
mmu,-1026,-16212,128,-7,-26,7
mmu,-1056,-16188,144,-9,-27,6
mmu,-1050,-16214,160,-8,-27,6
mmu,-988,-16260,92,-8,-26,6
mmu,-1034,-16212,130,-8,-28,7
mmu,-1036,-16260,180,-8,-27,7
mmu,-972,-16254,150,-8,-27,8
mmu,-992,-16244,74,-9,-28,6
mmu,-1064,-16206,114,-9,-28,6
mmu,-986,-16264,92,-9,-28,7
mmu,-976,-16180,86,-7,-28,6
mmu,-1056,-16194,132,-8,-27,6
mmu,-934,-16216,78,-8,-26,7
mmu,-1044,-16238,102,-8,-27,6
mmu,-972,-16246,204,-8,-26,5
mmu,-1006,-16196,170,-7,-27,6
mmu,-986,-16266,74,-8,-26,6
mmu,-1062,-16280,166,-8,-26,6
mmu,-1004,-16196,92,-9,-27,7
mmu,-1016,-16216,154,-9,-27,8
mmu,-986,-16228,72,-9,-27,7
mmu,-922,-16202,204,-9,-27,7
mmu,-982,-16232,184,-8,-26,7
mmu,-1004,-16204,90,-9,-27,7
mmu,-970,-16184,144,-7,-28,6
mmu,-1004,-16236,148,-7,-27,7
mmu,-984,-16246,178,-7,-26,6
mmu,-976,-16260,160,-8,-26,8
mmu,-994,-16250,84,-8,-28,7
mmu,-966,-16196,136,-9,-27,7
mmu,-962,-16178,116,-8,-27,7
mmu,-998,-16240,98,-7,-26,7
mmu,-986,-16218,174,-7,-27,7
mmu,-952,-16176,178,-9,-27,7
mmu,-1050,-16204,146,-9,-27,7
mmu,-988,-16232,110,-8,-27,6
mmu,-1088,-16258,120,-7,-28,6
mmu,-1012,-16256,116,-8,-26,6
mmu,-998,-16212,138,-7,-27,6
mmu,-950,-16260,116,-8,-27,6
mmu,-980,-16240,104,-8,-27,8
mmu,-1036,-16230,182,-8,-28,6
mmu,-1052,-16220,82,-8,-27,7
mmu,-1016,-16238,156,-6,-27,7
mmu,-1040,-16224,152,-8,-27,7
mmu,-988,-16308,74,-9,-27,6
mmu,-980,-16204,56,-8,-27,6
mmu,-1052,-16186,138,-8,-26,6
mmu,-1054,-16224,138,-8,-26,7
mmu,-962,-16238,106,-7,-26,7
mmu,-1060,-16256,106,-7,-26,8
mmu,-956,-16242,134,-8,-26,7
mmu,-980,-16162,16,-8,-27,6
mmu,-1022,-16212,36,-8,-26,6
mmu,-976,-16258,108,-7,-27,6
mmu,-1004,-16220,74,-8,-26,6
mmu,-1032,-16210,104,-9,-27,6
mmu,-904,-16216,104,-7,-27,6
mmu,-1050,-16270,104,-8,-26,6
mmu,-1004,-16240,132,-9,-28,7
mmu,-1054,-16296,116,-8,-27,7
mmu,-966,-16214,90,-8,-28,6
mmu,-984,-16258,82,-9,-25,7
mmu,-1010,-16196,98,-8,-26,6
mmu,-1018,-16244,166,-7,-26,7
mmu,-1030,-16238,90,-7,-26,7
mmu,-1036,-16226,142,-7,-28,6
mmu,-986,-16284,148,-8,-27,6
mmu,-970,-16316,100,-8,-26,7
mmu,-996,-16224,128,-8,-27,5
mmu,-1090,-16248,116,-8,-27,7
mmu,-982,-16198,96,-8,-28,7
mmu,-954,-16256,130,-8,-26,6
mmu,-1058,-16238,160,-7,-26,7
mmu,-1010,-16260,112,-7,-27,6
mmu,-1054,-16216,102,-8,-28,6
mmu,-1078,-16230,164,-7,-27,7
mmu,-978,-16200,156,-8,-28,7
mmu,-1012,-16234,88,-9,-27,7
mmu,-934,-16222,172,-8,-28,6
mmu,-1018,-16260,174,-7,-28,6
mmu,-982,-16200,138,-7,-27,7
mmu,-978,-16178,138,-8,-29,7
u,-984,-16208,144,-8,-27,6
mmu,-1050,-16234,80,-6,-26,6
mmu,-1004,-16242,104,-7,-27,6
mmu,-1050,-16302,134,-7,-26,7
mmu,-1026,-16256,134,-8,-27,7
mmu,-1040,-16236,64,-7,-27,6
mmu,-978,-16228,86,-8,-28,6
mmu,-1060,-16214,126,-7,-26,6
mmu,-992,-16210,140,-8,-27,7
mmu,-982,-16238,110,-7,-27,7
mmu,-1100,-16242,142,-9,-27,7
mmu,-1010,-16202,90,-8,-27,7
mmu,-1024,-16218,206,-8,-27,7
mmu,-1022,-16248,136,-7,-27,7
mmu,-1014,-16224,156,-9,-25,7
mmu,-1032,-16252,104,-8,-27,6
mmu,-966,-16192,148,-7,-26,6
mmu,-1012,-16188,206,-6,-27,6
mmu,-934,-16258,70,-20,-26,8
mmu,-1082,-16214,42,1,-28,5
mmu,-1000,-16150,184,-8,-27,7
mmu,-1002,-16292,130,-17,-26,7
mmu,-962,-16216,214,0,-27,5
mmu,-950,-16214,94,-8,-26,6
mmu,-1024,-16224,140,-16,-27,8
mmu,-984,-16242,106,-3,-27,6
mmu,-958,-16144,108,-9,-26,6
mmu,-1062,-16226,130,-7,-26,7
mmu,-1046,-16222,118,-4,-28,7
mmu,-932,-16214,56,-12,-27,7
mmu,-958,-16220,152,-5,-27,7
mmu,-986,-16250,188,-7,-27,6
mmu,-958,-16216,140,-6,-26,6
mmu,-1018,-16192,214,-11,-26,7
mmu,-1074,-16232,150,-7,-26,6
mmu,-1016,-16216,86,-10,-27,7
mmu,-1008,-16314,106,-8,-27,7
mmu,-994,-16246,182,-5,-27,6
mmu,-1046,-16252,24,-9,-28,6
mmu,-1028,-16222,124,-8,-28,7
mmu,-1030,-16188,210,-9,-26,7
mmu,-982,-16230,88,-7,-27,7
mmu,-962,-16212,98,-5,-28,8
mmu,-940,-16252,172,-9,-26,7
mmu,-962,-16250,154,-9,-27,7
mmu,-1018,-16242,158,-8,-26,7
mmu,-936,-16212,74,-8,-26,7
mmu,-1034,-16178,212,-9,-27,7
mmu,-1004,-16228,174,-7,-27,6
mmu,-972,-16182,142,-8,-27,6
mmu,-970,-16256,154,-7,-28,7
mmu,-982,-16258,102,-8,-28,6
mmu,-1014,-16176,202,-8,-27,6
mmu,-1016,-16238,112,-7,-27,7
mmu,-990,-16168,150,-8,-27,7
mmu,-1040,-16274,160,-7,-28,6
mmu,-980,-16256,176,-8,-25,7
mmu,-942,-16234,-8,-8,-27,6
mmu,-1000,-16210,94,-7,-26,6
mmu,-1016,-16194,92,-7,-27,7
mmu,-1012,-16172,40,-8,-27,6
mmu,-980,-16182,114,-8,-27,7
mmu,-1008,-16224,82,-8,-27,7
mmu,-1036,-16164,92,-9,-27,7
mmu,-966,-16228,164,-9,-27,6
mmu,-1004,-16184,144,-8,-26,7
mmu,-1044,-16254,84,-8,-26,7
mmu,-994,-16220,86,-8,-27,6
mmu,-1014,-16272,134,-7,-26,6
mmu,-944,-16168,158,-8,-27,5
mmu,-1026,-16286,200,-8,-27,7
mmu,-1012,-16226,134,-8,-26,7
mmu,-1014,-16264,86,-9,-27,7
mmu,-966,-16290,168,-5,-26,6
mmu,-990,-16208,122,-11,-26,7
mmu,-1002,-16228,160,-3,-28,5
mmu,-988,-16208,112,-13,-27,7
mmu,-1002,-16236,102,-6,-27,6
mmu,-986,-16242,154,-9,-28,7
mmu,-988,-16300,86,-11,-26,6
mmu,-932,-16238,50,-4,-27,7
mmu,-1004,-16188,132,-10,-27,7
mmu,-1030,-16258,68,-8,-27,7
mmu,-1004,-16242,156,-8,-28,7
mmu,-958,-16160,58,-9,-26,7
mmu,-1006,-16224,-6,-6,-27,6
mmu,-1042,-16252,102,-9,-28,8
mmu,-1068,-16232,94,-9,-26,6
mmu,-990,-16228,78,-7,-27,7
mmu,-1020,-16184,192,-8,-27,6
mmu,-980,-16248,66,-9,-26,6
mmu,-1058,-16266,278,-5,-26,6
mmu,-1040,-16236,90,-7,-26,7
mmu,-998,-16214,180,-8,-27,8
mmu,-978,-16202,112,-7,-27,8
mmu,-1058,-16170,126,-8,-27,6
mmu,-1016,-16250,118,-6,-27,7
mmu,-964,-16186,74,-8,-28,6
mmu,-968,-16218,74,-7,-28,7
mmu,-974,-16258,96,-9,-28,7
mmu,-980,-16246,122,-8,-26,8
mmu,-1050,-16212,170,-8,-28,7
mmu,-1066,-16282,224,-7,-26,6
mmu,-984,-16218,132,-8,-28,8
mmu,-972,-16196,134,-7,-27,6
mmu,-1014,-16252,174,-8,-28,6
mmu,-1030,-16224,230,-7,-26,7
mmu,-1038,-16268,106,-7,-26,7
mmu,-1022,-16208,234,-8,-26,7
mmu,-994,-16246,158,-6,-26,6
mmu,-1026,-16128,182,-9,-27,8
mmu,-1004,-16218,138,-6,-27,5
mmu,-1008,-16240,206,-7,-27,6
mmu,-1032,-16200,180,-10,-27,7
mmu,-946,-16234,102,-8,-27,7
mmu,-1050,-16238,74,-7,-26,7
mmu,-1034,-16238,172,-9,-27,7
mmu,-1076,-16210,118,-7,-27,6
mmu,-1014,-16250,152,-8,-28,7
mmu,-958,-16166,142,-9,-26,6
mmu,-968,-16194,136,-7,-27,7
mmu,-1034,-16170,108,-8,-25,7
mmu,-1020,-16230,114,-6,-27,6
mmu,-1050,-16238,106,-9,-27,7
mmu,-996,-16222,158,-7,-27,6
mmu,-992,-16172,122,-7,-28,6
mmu,-1040,-16210,92,-10,-26,6
mmu,-992,-16258,82,-6,-27,7
mmu,-1036,-16210,240,-8,-27,5
mmu,-976,-16250,180,-8,-27,6
mmu,-1048,-16192,96,-7,-27,6
mmu,-958,-16248,108,-7,-26,6
mmu,-996,-16222,152,-8,-28,7
mmu,-972,-16244,106,-7,-27,6
mmu,-994,-16262,102,-8,-26,6
mmu,-980,-16196,114,-7,-28,7
mmu,-992,-16266,154,-10,-27,6
mmu,-1034,-16196,106,-8,-26,7
mmu,-1000,-16248,226,-6,-28,7
mmu,-1034,-16250,168,-9,-26,7
mmu,-1010,-16194,142,-8,-27,6
mmu,-998,-16236,132,-7,-27,6
mmu,-976,-16208,104,-9,-27,6
mmu,-958,-16178,140,-8,-26,7
mmu,-974,-16330,214,-7,-26,7
mmu,-984,-16218,128,-8,-26,6
mmu,-974,-16270,172,-6,-26,6
mmu,-996,-16242,138,-9,-27,6
mmu,-976,-16226,162,-8,-27,6
mmu,-1048,-16212,96,-6,-26,5
mmu,-1032,-16200,42,-9,-26,7
mmu,-984,-16140,116,-10,-27,6
mmu,-1004,-16200,72,-7,-26,6
mmu,-998,-16246,146,-9,-28,6
mmu,-946,-16222,148,-6,-26,6
mmu,-1004,-16208,152,-7,-28,7
mmu,-950,-16206,114,-8,-26,7
mmu,-1020,-16240,132,-9,-27,7
mmu,-1002,-16250,182,-6,-26,6
mmu,-956,-16242,164,-8,-28,7
mmu,-986,-16254,148,-10,-25,5
mmu,-982,-16220,134,-7,-27,6
mmu,-1032,-16190,118,-10,-26,7
mmu,-1032,-16224,60,-8,-28,7
mmu,-1006,-16194,122,-7,-27,7
mmu,-1012,-16266,160,-7,-27,8
mmu,-1060,-16190,96,-9,-27,7
mmu,-984,-16236,150,-7,-28,6
mmu,-1000,-16194,164,-7,-26,7
mmu,-946,-16262,136,-10,-26,7
mmu,-988,-16244,130,-6,-26,6
mmu,-996,-16234,144,-8,-28,6
mmu,-1054,-16182,90,-8,-26,6
mmu,-982,-16248,98,-6,-27,7
mmu,-956,-16200,184,-7,-27,6
mmu,-962,-16214,62,-9,-27,7
mmu,-912,-16240,158,-1,-27,5
mmu,-942,-16198,162,-10,-28,7
mmu,-1008,-16272,136,-14,-27,7
mmu,-982,-16214,140,2,-28,7
mmu,-968,-16258,40,-16,-26,7
mmu,-1028,-16248,150,-4,-27,7
mmu,-1010,-16242,74,-8,-26,7
mmu,-946,-16210,152,-11,-26,7
mmu,-1010,-16250,168,-5,-27,6
mmu,-1026,-16242,166,-11,-27,7
mmu,-988,-16216,92,-7,-28,6
mmu,-980,-16252,106,-7,-27,6
mmu,-990,-16202,54,-7,-28,7
mmu,-978,-16232,200,-10,-26,7
mmu,-978,-16248,160,-7,-26,7
mmu,-968,-16240,90,-7,-26,6
mmu,-992,-16226,118,-9,-26,6
mmu,-990,-16236,140,-6,-28,6
mmu,-916,-16236,22,-7,-27,7
mmu,-928,-16268,178,-8,-27,7
mmu,-1034,-16220,94,-9,-27,7
mmu,-1032,-16214,100,-9,-27,8
mmu,-1040,-16202,76,-5,-27,6
mmu,-988,-16208,36,-11,-26,8
mmu,-944,-16188,98,-8,-27,7
mmu,-1032,-16230,162,-6,-27,6
mmu,-1028,-16220,74,-9,-25,7
mmu,-994,-16260,66,-8,-26,7
mmu,-990,-16254,148,-7,-27,6
mmu,-1008,-16222,80,-9,-26,6
mmu,-1066,-16256,184,-7,-27,7
mmu,-1008,-16214,180,-8,-28,7
mmu,-992,-16228,180,-8,-26,7
mmu,-992,-16228,128,-7,-27,5
mmu,-1016,-16172,136,-9,-26,7
mmu,-1002,-16228,108,-9,-27,6
mmu,-986,-16194,148,-7,-27,7
mmu,-1028,-16282,68,-8,-28,7
mmu,-1042,-16238,172,-7,-27,6
mmu,-1040,-16214,18,-8,-26,5
mmu,-1090,-16252,114,-9,-26,6
mmu,-952,-16244,150,-7,-27,6
mmu,-1032,-16210,14,-10,-27,7
mmu,-994,-16196,174,-7,-26,7
mmu,-1006,-16146,190,-8,-27,6
mmu,-1002,-16234,80,-9,-27,7
mmu,-1088,-16244,140,-8,-26,6
mmu,-1004,-16246,152,-7,-27,7
mmu,-982,-16262,84,-9,-28,6
mmu,-1046,-16222,164,-7,-26,6
mmu,-1016,-16250,194,-9,-27,7
mmu,-1000,-16220,270,-7,-27,6
mmu,-1014,-16228,194,-9,-27,6
mmu,-1058,-16222,102,-8,-28,7
mmu,-1058,-16222,156,-6,-27,6
mmu,-1052,-16250,104,-9,-28,6
mmu,-990,-16260,174,-7,-29,6
mmu,-974,-16248,132,-7,-27,7
mmu,-990,-16212,202,-8,-26,7
mmu,-1034,-16262,168,-8,-26,7
mmu,-1068,-16246,142,-8,-27,6
mmu,-1038,-16244,68,-7,-28,7
mmu,-1040,-16266,128,-8,-27,7
mmu,-994,-16246,118,-8,-27,8
mmu,-986,-16234,154,-7,-27,7
mmu,-1090,-16166,196,-8,-29,6
mmu,-1004,-16268,88,-7,-27,6
mmu,-1010,-16214,64,-8,-27,6
mmu,-1230,-16184,-310,-5,-25,6
mmu,-1024,-16222,-8,-19,-28,8
mmu,-990,-16262,56,2,-25,6
mmu,-1026,-16212,224,-18,-26,8
mmu,-996,-16276,-14,-4,-26,6
mmu,-968,-16164,250,4,-27,4
mmu,-1000,-16228,20,-17,-25,9
mmu,-944,-16156,382,-37,-29,10
mmu,-924,-16070,744,-96,-42,23
mmu,-1026,-16238,-540,-258,-123,56
mmu,-962,-16540,36,-160,-41,37
mmu,-1238,-16430,-554,192,-37,-35
mmu,-998,-16270,-290,374,-11,-66
mmu,-572,-13880,-1388,-891,1382,192
mmu,456,-13734,-4598,-922,1097,-68
mmu,-276,-14720,-5106,-865,668,-224
mmu,-578,-18218,-4348,-1254,14,-354
mmu,936,-12196,-4364,-1393,-143,-454
mmu,690,-14000,-3186,-1471,-117,-558
mmu,-450,-18546,-4900,-1530,-42,-587
mmu,-968,-17476,-4854,-1620,26,-395
mmu,-2168,-18590,-5718,-1806,268,94
mmu,-650,-14800,-5144,-1816,273,456
mmu,-280,-14920,-4824,-1769,217,557
mmu,-1098,-16450,-7408,-1688,120,684
mmu,-250,-15210,-6704,-1503,95,824
mmu,-226,-14494,-9920,-1441,329,757
mmu,-1038,-12276,-10972,-1633,315,801
mmu,-1664,-11760,-10786,-1486,251,686
mmu,-2212,-11464,-13262,-1509,104,644
mmu,-2056,-9684,-13770,-1396,-197,460
mmu,-1866,-9108,-13064,-1450,-148,431
mmu,-2490,-9470,-14376,-1340,8,367
mmu,-2250,-8710,-14852,-1305,27,347
mmu,-2422,-8156,-15454,-1132,-112,284
mmu,-2726,-7294,-15306,-1074,-129,231
mmu,-2622,-6870,-15348,-1019,-76,248
mmu,-2510,-6212,-16270,-901,-46,186
mmu,-3146,-6502,-16936,-753,-103,121
mmu,-2980,-5596,-15922,-713,-204,161
mmu,-3022,-5036,-15622,-690,-358,110
mmu,-3450,-5048,-16700,-656,-397,107
mmu,-3592,-4604,-15978,-505,-373,103
mmu,-3260,-5682,-15798,-315,-93,-48
mmu,-3464,-5158,-16388,-112,102,-21
mmu,-3478,-4108,-16508,-99,-93,-30
mmu,-3562,-4044,-16276,-116,-198,-35
mmu,-3534,-4902,-15646,-116,-52,9
mmu,-3528,-3978,-15812,-115,12,40
mmu,-3822,-4260,-15992,-72,69,-4
mmu,-3598,-4022,-16044,-83,70,-32
mmu,-3686,-4172,-16724,-114,46,-36
mmu,-3382,-4144,-16282,-83,43,-51
mmu,-3526,-4016,-16150,-70,77,-64
mmu,-3330,-3872,-16114,-96,103,-45
mmu,-3230,-4052,-16506,-150,54,-27
mmu,-3036,-3316,-15962,-317,-130,34
mmu,-3500,-4314,-16480,-439,-248,73
mmu,-3644,-3442,-16680,-306,-136,52
mmu,-3316,-3256,-16236,-120,-87,-47
mmu,-3436,-3566,-16460,-90,-43,-34
mmu,-3526,-3274,-16446,-80,-25,-34
mmu,-3514,-3192,-16328,-84,-25,-56
mmu,-3438,-3346,-16296,-115,-69,-57
mmu,-3532,-3134,-16458,-152,-231,-52
mmu,-3748,-3022,-16508,-161,-310,-46
mmu,-3908,-3046,-16268,-164,-341,-24
mmu,-3922,-2952,-16246,-145,-350,-29
mmu,-4716,-3778,-16208,-206,-79,-31
mmu,-3906,-2282,-16436,-63,0,-16
mmu,-4438,-3142,-16304,-87,-41,-13
mmu,-4262,-2586,-16052,-82,-28,-9
mmu,-4260,-2710,-16368,-69,-5,-31
mmu,-4072,-2792,-16240,-114,-37,-5
mmu,-3834,-2708,-15762,-145,-35,18
mmu,-4220,-2574,-16326,-156,-22,26
mmu,-4490,-2412,-16598,-142,-32,24
mmu,-4104,-2132,-16254,-146,-28,14
mmu,-4338,-2610,-16268,-92,55,-42
mmu,-4062,-2302,-16416,-124,61,-16
mmu,-4006,-2022,-16920,-198,167,15
mmu,-3926,-2064,-16860,-132,81,14
mmu,-3796,-1986,-16064,-45,-1,-17
mmu,-3822,-1906,-16224,-76,44,-26
mmu,-3870,-1904,-16712,-58,25,-19
mmu,-3662,-1964,-16544,-42,1,0
mmu,-3764,-2294,-16448,-36,-8,-18
mmu,-3776,-1836,-16704,-13,-20,6
mmu,-3624,-1558,-16074,-65,8,25
mmu,-3702,-1442,-16942,-90,51,6
mmu,-3694,-2060,-16602,-49,1,7
mmu,-3678,-1576,-16696,-17,-16,1
mmu,-3690,-1736,-16658,-22,-16,-4
mmu,-3646,-1684,-16434,-52,10,12
mmu,-3642,-1538,-16462,-16,-24,0
mmu,-3662,-1754,-16760,-30,0,-1
mmu,-3580,-1594,-16762,-18,-15,11
mmu,-3606,-1578,-16618,-15,-19,1
mmu,-3686,-1632,-16708,-13,-16,-1
mmu,-3618,-1704,-16606,-28,-11,1
mmu,-3650,-1506,-16470,-40,3,26
mmu,-3586,-1726,-16430,-28,-10,-11
mmu,-3598,-1700,-16812,-21,-8,-5
mmu,-3544,-1608,-16744,-7,-28,0
mmu,-3564,-1634,-16708,-12,-21,0
mmu,-3580,-1564,-16742,-9,-21,-1
mmu,-3532,-1556,-16698,-11,-22,-1
mmu,-3544,-1610,-16676,-11,-23,0
mmu,-3576,-1588,-16592,-14,-21,-2
mmu,-3580,-1696,-17108,-19,-8,-19
mmu,-3510,-1392,-16626,-3,-31,6
mmu,-3470,-1528,-16750,-13,-18,-2
mmu,-3444,-1464,-16666,-7,-24,1
mmu,-3444,-1416,-16678,-11,-22,0
mmu,-3456,-1500,-16684,-7,-24,1
mmu,-3458,-1542,-16648,-9,-23,0
mmu,-3472,-1510,-16696,-10,-23,1
mmu,-3434,-1434,-16496,-15,-19,1
mmu,-3394,-1892,-16348,-36,-2,16
mmu,-3426,-1508,-16722,-18,-17,-8
mmu,-3452,-1424,-16682,-10,-24,1
mmu,-3436,-1454,-16678,-11,-22,0
mmu,-3388,-1440,-16702,-11,-22,0
mmu,-3440,-1494,-16682,-10,-23,2
mmu,-3378,-1460,-16612,-14,-19,3
mmu,-3388,-1384,-16756,-23,-10,4
mmu,-3454,-1420,-16686,-6,-28,1
mmu,-3330,-1388,-16692,-9,-23,-2
mmu,-3366,-1380,-16702,-9,-23,0
mmu,-3436,-1416,-16698,-7,-26,0
mmu,-3442,-1418,-16722,-10,-24,-3
mmu,-3380,-1380,-16802,-10,-25,-1
mmu,-3398,-1446,-16852,-5,5,-9
mmu,-3332,-1216,-16452,-31,-10,-14
mmu,-3280,-1596,-16568,-24,-6,24
mmu,-3354,-1214,-16672,-10,-21,-2
mmu,-3368,-1398,-16614,-9,-25,1
mmu,-3396,-1510,-16798,-11,-24,1
mmu,-3314,-1344,-16668,-11,-22,4
mmu,-3334,-1426,-16396,-21,-20,6
mmu,-3326,-1256,-16914,-36,-2,-5
mmu,-3326,-1412,-16842,-4,-28,4
mmu,-3384,-1420,-16770,-11,-22,-2
mmu,-3302,-1340,-16566,-8,-26,1
mmu,-3312,-1310,-16710,-8,-23,-1
mmu,-3322,-1322,-16614,-6,-25,1
mmu,-3336,-1380,-16724,-9,-23,0
mmu,-3340,-1364,-16684,-9,-23,-1
mmu,-3356,-1350,-16700,-8,-24,0
mmu,-3340,-1386,-16796,-8,-24,0
mmu,-3296,-1374,-16762,-7,-25,0
mmu,-3332,-1308,-16446,-13,-25,-2
mmu,-3292,-1372,-16806,-9,-24,0
mmu,-3288,-1462,-16520,-20,-18,9
mmu,-3296,-876,-16946,-59,17,9
mmu,-3262,-1438,-17106,-23,-10,3
mmu,-3258,-1220,-16532,-5,-28,3
mmu,-3238,-1414,-16814,-13,-18,-2
mmu,-3274,-1304,-16650,-12,-21,-1
mmu,-3318,-1330,-16774,-8,-24,1
mmu,-3278,-1292,-16664,-10,-23,0
mmu,-3294,-1300,-16692,-9,-25,1
mmu,-3258,-1294,-16748,-10,-23,1
mmu,-3262,-1330,-16740,-9,-23,1
mmu,-3228,-1320,-16778,-12,-23,1
mmu,-3270,-1300,-16772,-12,-22,0
mmu,-3228,-1242,-16936,-33,0,11
mmu,-3240,-1422,-16710,-7,-27,1
mmu,-3262,-1250,-16750,-11,-24,-2
mmu,-3224,-1338,-16832,-8,-25,0
mmu,-3228,-1286,-16786,-9,-24,0
mmu,-3220,-1272,-16734,-7,-25,0
mmu,-3276,-1302,-16740,-9,-24,0
mmu,-3248,-1296,-16752,-8,-24,1
mmu,-3212,-1272,-16760,-8,-25,1
mmu,-3164,-1240,-16736,-9,-24,0
mmu,-3168,-1298,-16808,-9,-24,1
mmu,-3268,-1282,-16750,-9,-24,0
mmu,-3258,-1242,-16776,-8,-25,0
mmu,-3170,-1196,-16462,-16,-35,-1
mmu,-3202,-1278,-16742,-10,-24,2
mmu,-3170,-1268,-16780,-11,-24,4
mmu,-3126,-1298,-16372,-53,7,20
mmu,-3240,-1060,-17090,-34,4,8
mmu,-3186,-1170,-16784,-7,-27,1
mmu,-3138,-1190,-16834,-12,-22,0
mmu,-3224,-1178,-16672,-7,-25,0
mmu,-3174,-1194,-16758,-11,-24,1
mmu,-3140,-1218,-16792,-8,-24,0
mmu,-3198,-1218,-16730,-8,-24,0
mmu,-3184,-1180,-16684,-9,-24,0
mmu,-3122,-1172,-16750,-9,-24,-1
mmu,-3254,-1192,-16742,-8,-26,1
mmu,-3156,-1200,-16854,-8,-26,1
mmu,-3126,-1228,-16752,-7,-26,1
mmu,-3106,-1160,-16760,-9,-24,-1
mmu,-3150,-1184,-16706,-8,-24,0
mmu,-3210,-1164,-16870,-4,-25,1
mmu,-3086,-1050,-16938,-16,-14,6
mmu,-3184,-1154,-16832,-14,-20,-1
mmu,-3174,-1122,-16814,-8,-23,0
mmu,-3114,-1106,-16772,-8,-26,1
mmu,-3168,-1200,-16820,-8,-22,0
mmu,-3082,-1170,-16684,-8,-25,0
mmu,-3136,-1140,-16812,-10,-24,-2
mmu,-3122,-1142,-16802,-8,-26,1
mmu,-3140,-1174,-16784,-7,-25,-1
mmu,-3152,-1168,-16752,-7,-26,1
mmu,-3138,-1176,-16746,-7,-26,2
mmu,-3090,-1194,-16772,-7,-25,0
mmu,-3158,-1194,-16808,-7,-26,2
mmu,-3044,-1144,-16704,-7,-27,1
mmu,-3128,-1226,-16748,-7,-25,1
mmu,-3142,-1186,-16816,-7,-25,0
mmu,-3140,-1246,-16804,-8,-26,0
mmu,-3184,-1170,-16744,-10,-24,-2
mmu,-3136,-1084,-16874,-8,-26,2
mmu,-3112,-1152,-16768,-7,-26,1
mmu,-3108,-1158,-16816,-7,-25,0
mmu,-3166,-1150,-16854,-9,-23,-1
mmu,-3158,-1162,-16662,-9,-25,2
mmu,-3118,-1236,-16766,-10,-26,0
mmu,-3112,-1138,-16750,-9,-25,1
mmu,-3100,-1116,-16740,-7,-26,2
mmu,-3110,-1172,-16814,-8,-26,0
mmu,-3060,-1140,-16766,-8,-26,1
mmu,-3166,-1156,-16796,-7,-24,0
mmu,-3116,-1150,-16818,-8,-25,1
mmu,-3098,-1142,-16752,-7,-26,0
mmu,-3114,-1158,-16752,-8,-25,0
mmu,-3038,-1176,-16840,-7,-26,1
mmu,-3114,-1220,-16816,-7,-25,0
mmu,-3170,-1132,-16836,-7,-26,1
mmu,-3156,-1106,-16812,-7,-26,0
mmu,-3094,-1148,-16824,-7,-26,1
mmu,-3140,-1182,-16832,-8,-26,0
mmu,-3110,-1136,-16784,-7,-26,1
mmu,-3088,-1148,-16744,-8,-25,0
mmu,-3128,-1152,-16756,-8,-26,1
mmu,-3058,-1130,-16912,-8,-25,0
mmu,-3082,-1134,-16718,-8,-24,1
mmu,-3060,-1132,-16766,-8,-25,0
mmu,-3084,-1136,-16858,-8,-26,0
mmu,-3104,-1058,-16776,-8,-26,1
mmu,-3122,-1168,-16766,-7,-26,0
mmu,-3092,-1134,-16718,-8,-25,-1
mmu,-3074,-1142,-16764,-9,-25,0
mmu,-3048,-1114,-16820,-7,-26,0
mmu,-3018,-1190,-16738,-8,-26,1
mmu,-3156,-1160,-16774,-8,-25,1
mmu,-3108,-1178,-16774,-7,-27,1
mmu,-3128,-1154,-16768,-7,-24,0
mmu,-3106,-1120,-16802,-8,-25,-1
mmu,-3098,-1158,-16736,-9,-25,0
mmu,-3084,-1162,-16878,-9,-26,0
mmu,-3082,-1140,-16828,-7,-25,1
mmu,-3078,-1176,-16710,-9,-26,0
mmu,-3084,-1118,-16744,-8,-25,1
mmu,-3044,-1138,-16772,-9,-26,1
mmu,-3060,-1140,-16768,-8,-26,0
mmu,-3030,-1396,-16324,-29,-11,19
mmu,-3162,-1250,-16864,-14,-12,-11
mmu,-3030,-1026,-16580,-3,-32,2
mmu,-3096,-1088,-16720,-5,-28,1
mmu,-3092,-1174,-16816,-8,-25,0
mmu,-3140,-1118,-16750,-8,-26,2
mmu,-3030,-1110,-16834,-7,-26,1
mmu,-3034,-1118,-16792,-8,-25,0
mmu,-3066,-1150,-16824,-7,-26,0
mmu,-2990,-1116,-16728,-7,-26,1
mmu,-3020,-1098,-16746,-7,-25,1
mmu,-3048,-1120,-16810,-6,-27,1
mmu,-3080,-1112,-16762,-7,-26,1
mmu,-3030,-1140,-16714,-9,-25,1
mmu,-3114,-1150,-16764,-8,-25,1
mmu,-3060,-1084,-16790,-8,-26,0
mmu,-3036,-1114,-16626,-6,-25,1
mmu,-3002,-1090,-16860,-8,-26,1
mmu,-3076,-1154,-16776,-9,-27,0
mmu,-3026,-1126,-16808,-7,-25,0
mmu,-3036,-1058,-16682,-8,-26,2
mmu,-3050,-1118,-16812,-8,-26,0
mmu,-3022,-1100,-16796,-7,-26,1
mmu,-3112,-1160,-16710,-8,-26,1
mmu,-3018,-1118,-16748,-8,-24,3
mmu,-3072,-1118,-16818,-8,-25,0
mmu,-3002,-1112,-16762,-7,-26,1
mmu,-3022,-1092,-16794,-7,-26,0
mmu,-3030,-1136,-16850,-7,-25,1
mmu,-3100,-1114,-16738,-8,-26,2
mmu,-3006,-1072,-16810,-6,-27,1
mmu,-3008,-1134,-16906,-8,-23,0
mmu,-3030,-1108,-16834,-9,-25,1
mmu,-3044,-1126,-16786,-7,-26,0
mmu,-2992,-1134,-16802,-7,-26,0
mmu,-3042,-1088,-16776,-6,-27,0
mmu,-3024,-1142,-16830,-6,-26,1
mmu,-3048,-1090,-16836,-8,-26,1
mmu,-3038,-1140,-16792,-8,-26,1
mmu,-3032,-1128,-16774,-8,-26,1
mmu,-2972,-1116,-16836,-7,-26,0
mmu,-2970,-1112,-16806,-7,-26,0
mmu,-3012,-1074,-16828,-7,-27,0
mmu,-2998,-1126,-16782,-7,-26,0
mmu,-3018,-1158,-16768,-8,-26,0
mmu,-3036,-1088,-16776,-8,-26,1
mmu,-3124,-1088,-16878,-8,-26,2
mmu,-3010,-1078,-16758,-8,-27,0
mmu,-3046,-1114,-16718,-7,-26,0
mmu,-3034,-1112,-16838,-7,-26,0
mmu,-3020,-1104,-16830,-8,-25,1
mmu,-3018,-1060,-16812,-8,-27,1
mmu,-3028,-1114,-16804,-8,-25,1
mmu,-2988,-1060,-16818,-7,-26,1
mmu,-3046,-1058,-16872,-8,-27,1
mmu,-3016,-1112,-16754,-7,-26,1
mmu,-3024,-1104,-16778,-7,-26,2
mmu,-3008,-1120,-16700,-8,-26,2
mmu,-2982,-1098,-16856,-7,-26,0
mmu,-2932,-1064,-16808,-7,-27,1
mmu,-3050,-1070,-16866,-8,-27,1
mmu,-3038,-1076,-16788,-6,-27,0
mmu,-3074,-1064,-16846,-7,-26,1
mmu,-3018,-1046,-16848,-7,-26,1
mmu,-2920,-1094,-16736,-7,-26,0
mmu,-3008,-1060,-16738,-7,-26,1
mmu,-3010,-1104,-16756,-7,-27,1
mmu,-3042,-1102,-16858,-8,-26,2
mmu,-3026,-1106,-16768,-8,-25,2
mmu,-3024,-1112,-16886,-7,-25,1
mmu,-2966,-1092,-16756,-8,-26,-1
mmu,-3020,-1144,-16882,-7,-25,0
mmu,-2978,-1106,-16886,-8,-26,0
mmu,-2972,-1098,-16860,-8,-25,0
mmu,-3026,-1074,-16834,-7,-26,0
mmu,-3094,-1086,-16828,-6,-25,0
mmu,-3076,-1100,-16706,-6,-26,1
mmu,-3026,-1074,-16780,-7,-27,1
mmu,-3000,-1084,-16734,-8,-25,1
mmu,-3072,-1082,-16742,-6,-26,-1
mmu,-3010,-1050,-16802,-8,-25,1
mmu,-2966,-1092,-16864,-7,-26,0
mmu,-3028,-1188,-16832,-8,-26,0
mmu,-2984,-1100,-16772,-8,-26,1
mmu,-2970,-1038,-16838,-7,-25,0
mmu,-3040,-1148,-16786,-8,-24,0
mmu,-2994,-1092,-16792,-7,-25,1
mmu,-3012,-1092,-16772,-8,-27,1
mmu,-2984,-1022,-16750,-8,-26,1
mmu,-2990,-1126,-16714,-9,-26,0
mmu,-2956,-1098,-16834,-8,-26,1
mmu,-2994,-1110,-16872,-7,-26,1
mmu,-3046,-1058,-16872,-6,-25,0
mmu,-3012,-1088,-16834,-8,-26,0
mmu,-3016,-1052,-16736,-7,-25,1
mmu,-3018,-1064,-16754,-7,-26,2
mmu,-2970,-1094,-16786,-6,-27,1
mmu,-2950,-1100,-16752,-7,-26,0
mmu,-2992,-1126,-16752,-7,-26,1
mmu,-3010,-1058,-16814,-8,-26,0
mmu,-3002,-1082,-16754,-8,-25,1
mmu,-2960,-1036,-16864,-7,-26,2
mmu,-3004,-1072,-16742,-7,-26,1
mmu,-2970,-1068,-16802,-7,-26,0
mmu,-2978,-1090,-16784,-7,-27,1
mmu,-3012,-1116,-16750,-6,-27,2
mmu,-3006,-1084,-16814,-7,-26,2
mmu,-2956,-1046,-16784,-9,-27,1
mmu,-2956,-1102,-16892,-7,-26,0
mmu,-2996,-1034,-16824,-7,-25,1
mmu,-2988,-1112,-16832,-7,-26,1
mmu,-3034,-1086,-16878,-7,-25,1
mmu,-2998,-1062,-16770,-8,-26,2
mmu,-2938,-1076,-16848,-9,-25,0
mmu,-3002,-1054,-16790,-9,-25,1
mmu,-2928,-1034,-16748,-9,-22,0
mmu,-2952,-1138,-16870,-6,-26,2
mmu,-2976,-1070,-16922,-8,-26,0
mmu,-3020,-1066,-16778,-8,-25,1
mmu,-2992,-1082,-16738,-7,-27,1
mmu,-2990,-1086,-16768,-9,-26,1
mmu,-3036,-1054,-16844,-6,-26,1
mmu,-3008,-1044,-16850,-8,-26,1
mmu,-2950,-1088,-16752,-7,-27,1
mmu,-3012,-1090,-16832,-6,-26,1
mmu,-2926,-1054,-16746,-7,-27,1
mmu,-2980,-1112,-16820,-7,-26,1
mmu,-2992,-1072,-16804,-7,-27,0
mmu,-2974,-1150,-16810,-8,-27,1
mmu,-2980,-1064,-16776,-7,-25,1
mmu,-3032,-1112,-16824,-7,-27,1
mmu,-3040,-1122,-16876,-8,-26,2
mmu,-3002,-1106,-16792,-6,-27,1
mmu,-3004,-1044,-16876,-7,-26,1
mmu,-2978,-1048,-16870,-7,-27,2
mmu,-3030,-1054,-16836,-7,-26,0
mmu,-2910,-1090,-16774,-7,-27,1
mmu,-2984,-1062,-16716,-8,-26,0
mmu,-2938,-1024,-16836,-7,-27,0
mmu,-2934,-1024,-16856,-7,-27,1
mmu,-3012,-1092,-16740,-8,-26,1
mmu,-2920,-1044,-16842,-9,-27,1
mmu,-2964,-1086,-16848,-6,-26,1
mmu,-3008,-1080,-16806,-8,-26,1
mmu,-2974,-1044,-16718,-7,-26,2
mmu,-2986,-1050,-16754,-7,-25,0
mmu,-3012,-1080,-16858,-6,-26,1
mmu,-2978,-1182,-16726,-6,-26,0
mmu,-3010,-1108,-16882,-7,-25,1
mmu,-3016,-1088,-16744,-7,-26,1
mmu,-2946,-1082,-16834,-7,-27,1
mmu,-2992,-1096,-16790,-15,-22,-1
mmu,-2924,-1042,-16832,-8,-24,0
mmu,-2964,-1094,-16732,-9,-24,0
mmu,-3016,-1002,-16872,-7,-25,1
mmu,-2926,-1038,-16754,-7,-26,1
mmu,-2946,-1034,-16840,-7,-26,0
mmu,-2996,-1034,-16788,-8,-26,1
mmu,-2940,-1076,-16842,-7,-27,1
mmu,-2974,-1036,-16922,-6,-26,0
mmu,-3000,-1038,-16868,-8,-26,0
mmu,-2938,-1034,-16724,-6,-26,0
mmu,-3014,-1054,-16862,-7,-26,1
mmu,-2990,-1112,-16812,-7,-27,1
mmu,-3008,-1092,-16794,-6,-27,1
mmu,-2938,-1088,-16838,-7,-26,1
mmu,-2976,-1040,-16834,-7,-28,1
mmu,-2988,-1054,-16830,-6,-26,2
mmu,-2978,-1108,-16814,-8,-26,0
mmu,-3012,-1080,-16784,-8,-26,2
mmu,-2966,-1056,-16744,-8,-27,1
mmu,-2970,-1064,-16842,-10,-25,-1
mmu,-2976,-968,-16810,-8,-25,1
mmu,-2950,-1036,-16784,-7,-25,1
mmu,-2940,-1016,-16866,-8,-26,1
mmu,-2998,-1084,-16804,-8,-25,1
mmu,-2944,-1058,-16830,-8,-26,1
mmu,-2986,-1064,-16792,-7,-26,1
mmu,-2970,-1046,-16758,-7,-27,2
mmu,-3032,-1076,-16896,-7,-25,1
mmu,-2954,-1072,-16742,-8,-27,2
mmu,-2940,-1042,-16786,-8,-25,2
mmu,-2970,-1024,-16880,-7,-26,1
mmu,-2994,-988,-16786,-8,-26,2
mmu,-2926,-1062,-16866,-9,-26,1
mmu,-2884,-1144,-16744,-13,-22,4
mmu,-2998,-780,-16934,-35,-5,13
mmu,-2950,-1006,-16750,-6,-29,2
mmu,-2944,-1066,-16854,-9,-24,1
mmu,-2986,-1094,-16840,-8,-26,1
mmu,-2966,-1018,-16810,-8,-26,1
mmu,-2888,-1054,-16868,-8,-26,2
mmu,-2934,-1052,-16772,-8,-27,1
mmu,-2932,-1030,-16836,-7,-25,2
mmu,-2984,-1040,-16764,-7,-27,2
mmu,-2902,-1078,-16882,-8,-27,1
mmu,-2910,-1028,-16844,-6,-27,1
mmu,-2944,-960,-16826,-9,-27,1
mmu,-2990,-980,-16756,-7,-26,1
mmu,-2976,-1060,-16810,-7,-26,0
mmu,-2954,-1048,-16764,-8,-26,2
mmu,-2922,-1014,-16872,-7,-24,2
mmu,-2934,-1040,-16828,-8,-28,1
mmu,-2914,-1070,-16800,-8,-26,2
mmu,-2898,-1028,-16776,-7,-27,1
mmu,-2914,-1044,-16946,-7,-26,1
mmu,-2918,-1036,-16818,-7,-25,2
mmu,-2916,-1064,-16860,-6,-25,1
mmu,-2914,-1040,-16812,-6,-26,2
mmu,-2894,-1072,-16830,-7,-27,1
mmu,-2970,-1010,-16776,-9,-27,2
mmu,-2924,-1052,-16836,-7,-25,0
mmu,-2928,-998,-16866,-7,-26,1
mmu,-2912,-1008,-16926,-7,-26,1
mmu,-2886,-1046,-16774,-7,-27,1
mmu,-2894,-996,-16922,-8,-25,2
mmu,-2882,-1054,-16786,-8,-27,2
mmu,-2838,-1034,-16850,-7,-27,1
mmu,-2966,-1036,-16844,-6,-27,1
mmu,-3028,-1002,-16882,-8,-27,2
mmu,-2942,-1064,-16810,-7,-27,1
mmu,-2970,-1024,-16760,-7,-26,1
mmu,-2952,-1064,-16892,-7,-27,1
mmu,-2958,-1048,-16734,-7,-26,0
mmu,-2930,-1018,-16832,-7,-26,0
mmu,-2910,-986,-16796,-6,-26,0
mmu,-2912,-1046,-16892,-7,-26,1
mmu,-2982,-1020,-16856,-8,-26,0
mmu,-2966,-1024,-16788,-6,-25,1
mmu,-2896,-1014,-16888,-8,-27,1
mmu,-2946,-1020,-16848,-6,-25,2
mmu,-2930,-1042,-16794,-7,-26,2
mmu,-2960,-968,-16910,-7,-26,1
mmu,-2980,-1074,-16838,-6,-28,1
mmu,-2920,-1020,-16808,-7,-26,2
mmu,-2968,-1000,-16842,-8,-26,1
mmu,-2918,-1042,-16888,-7,-26,1
mmu,-2922,-1000,-16846,-7,-26,1
mmu,-2930,-1030,-16846,-7,-25,1
mmu,-2870,-990,-16716,-8,-26,1
mmu,-2834,-984,-16832,-6,-27,2
mmu,-2848,-1066,-16822,-8,-26,0
mmu,-2916,-1018,-16854,-6,-26,0
mmu,-2898,-1052,-16872,-7,-28,1
mmu,-2864,-1036,-16832,-8,-26,1
mmu,-2868,-1066,-16866,-7,-27,1
mmu,-2910,-946,-16760,-7,-26,2
mmu,-2948,-1010,-16834,-7,-26,0
mmu,-2922,-978,-16824,-6,-27,2
mmu,-2898,-1022,-16776,-7,-26,1
mmu,-2944,-1004,-16804,-8,-26,2
mmu,-2928,-1004,-16794,-7,-27,2
mmu,-2964,-1048,-16798,-8,-27,2
mmu,-2910,-1066,-16778,-7,-27,1
mmu,-2936,-1080,-16852,-8,-26,1
mmu,-2910,-1068,-16862,-6,-26,1
mmu,-2930,-1050,-16896,-7,-26,1
mmu,-2898,-996,-16842,-8,-26,2
mmu,-2858,-1006,-16772,-7,-26,1
mmu,-2898,-1048,-16812,-7,-27,1
mmu,-2950,-984,-16880,-7,-25,1
mmu,-2892,-1006,-16898,-7,-27,2
mmu,-2856,-960,-16824,-8,-27,2
mmu,-2890,-1090,-16808,-7,-26,1
mmu,-2898,-994,-16846,-6,-25,1
mmu,-2924,-1056,-16808,-7,-28,1
mmu,-2974,-1026,-16816,-7,-26,2
mmu,-2878,-968,-16760,-7,-27,2
mmu,-2906,-1028,-16806,-7,-25,0
mmu,-2888,-990,-16882,-8,-27,1
mmu,-2854,-1030,-16874,-7,-27,1
mmu,-2910,-1002,-16876,-6,-26,0
mmu,-2944,-1026,-16902,-8,-25,2
mmu,-2876,-1022,-16894,-8,-26,2
mmu,-2812,-1036,-16898,-8,-25,0
mmu,-2904,-982,-16870,-7,-26,1
mmu,-2902,-1102,-16826,-6,-26,2
mmu,-2956,-1000,-16896,-8,-26,1
mmu,-2866,-994,-16898,-6,-27,3
mmu,-2878,-1042,-16808,-7,-26,1
mmu,-2902,-1016,-16830,-7,-26,1
mmu,-2848,-1030,-16864,-6,-26,2
mmu,-2902,-962,-16756,-7,-26,2
mmu,-2890,-1038,-16860,-7,-27,0
mmu,-2918,-1052,-16822,-7,-26,2
mmu,-2888,-1020,-16866,-7,-26,2
mmu,-2916,-964,-16852,-8,-27,1
mmu,-2928,-994,-16810,-7,-26,1
mmu,-2912,-1080,-16872,-7,-26,2
mmu,-2882,-1082,-16902,-7,-27,1
mmu,-2940,-1018,-16776,-8,-27,2
mmu,-2930,-1076,-16884,-7,-27,1
mmu,-2862,-1008,-16870,-7,-26,2
mmu,-2902,-1022,-16796,-7,-26,2
mmu,-2894,-1004,-16834,-7,-27,1
mmu,-2942,-1010,-16822,-7,-26,1
mmu,-2940,-1024,-16872,-6,-26,1
mmu,-2954,-1016,-16822,-7,-26,1
mmu,-2958,-952,-16848,-8,-27,1
mmu,-2928,-1032,-16842,-6,-26,2
mmu,-2952,-1002,-16874,-7,-28,2
mmu,-2922,-974,-16948,-7,-27,0
mmu,-2932,-984,-16848,-6,-26,1
mmu,-2968,-1000,-16848,-8,-25,1
mmu,-2852,-1008,-16736,-7,-26,1
mmu,-2900,-984,-16836,-7,-26,1
mmu,-2876,-1038,-16802,-6,-25,2
mmu,-2864,-1050,-16936,-8,-26,1
mmu,-2850,-1008,-16786,-7,-27,2
mmu,-2908,-1034,-16878,-7,-25,2
mmu,-2888,-990,-16924,-7,-26,1
mmu,-2984,-982,-16790,-9,-25,1
mmu,-2880,-1054,-16806,-11,-23,-1
mmu,-2848,-1048,-16866,-14,-19,-2
mmu,-2890,-1020,-16858,-8,-25,1
mmu,-2890,-1036,-16796,-7,-27,1
mmu,-2914,-1010,-16886,-7,-26,1
mmu,-2894,-1014,-16854,-7,-26,1
mmu,-2842,-956,-16880,-7,-25,1
mmu,-2820,-986,-16810,-7,-26,1
mmu,-2874,-1006,-16864,-6,-26,1
mmu,-2928,-1006,-16812,-7,-26,1
mmu,-2912,-1014,-16746,-8,-26,1
mmu,-2882,-938,-16832,-7,-26,1
mmu,-2880,-982,-16892,-7,-26,1
mmu,-2904,-944,-16804,-6,-26,1
mmu,-2898,-996,-16726,-7,-24,1
mmu,-2920,-1000,-16844,-8,-27,1
mmu,-2868,-1040,-16860,-7,-26,2
mmu,-2910,-986,-16910,-7,-27,1
mmu,-2876,-966,-16848,-7,-27,2
mmu,-2864,-1010,-16800,-7,-27,0
mmu,-2904,-956,-16876,-7,-27,1
mmu,-2802,-1074,-16838,-8,-27,1
mmu,-2878,-950,-16866,-8,-27,1
mmu,-2856,-1008,-16820,-7,-27,1
mmu,-2864,-1080,-16818,-7,-26,1
mmu,-2858,-980,-16838,-7,-26,1
mmu,-2908,-984,-16794,-7,-27,1
mmu,-2892,-998,-16788,-7,-25,1
mmu,-2888,-1000,-16866,-7,-27,2
mmu,-2882,-1044,-16900,-7,-27,1
mmu,-2820,-974,-16796,-8,-26,2
mmu,-2886,-954,-16900,-7,-27,1
mmu,-2842,-1030,-16812,-8,-26,1
mmu,-2876,-980,-16882,-7,-26,1
mmu,-2894,-958,-16916,-7,-26,1
mmu,-2978,-1000,-16830,-7,-26,1
mmu,-2908,-986,-16794,-7,-26,2
